level	pattern	english	note	ja1	en1	ja2	en2
n5	Nです	be a noun; polite identification	Use with nouns and nominal predicates; Japanese usually omits recoverable pronouns.	私は学生です。	I am a student.	今日は休みです。	Today is a day off.
n5	Nではありません	not be a noun; polite negation	Formal negative copula; introduce the common conversational contraction as a later variation.	これは私の傘ではありません。	This is not my umbrella.	父は医者ではありません。	My father is not a doctor.
n5	文＋か	polite question	Add the question particle to a polite sentence; teach who, what, when and where through vocabulary.	ここは駅ですか。	Is this the station?	何時ですか。	What time is it?
n5	Nは	topic; as for a noun	The topic particle is pronounced wa; contrast topic with the grammatical subject.	私は大阪に住んでいます。	I live in Osaka.	この店は安いです。	This shop is inexpensive.
n5	Nが	subject; newly identified information	Use for the answer to a who-or-what question and with existence predicates.	誰が来ますか。	Who is coming?	妹が来ます。	My younger sister is coming.
n5	Nを	direct object	The object particle is normally pronounced o; it follows the affected object.	水を飲みます。	I drink water.	本を読みます。	I read a book.
n5	NのN	possession; noun modification	The first noun narrows or identifies the second; not all uses express ownership.	これは母のかばんです。	This is my mother's bag.	日本語の先生です。	They are a Japanese-language teacher.
n5	Nも	also; too	Usually replaces the topic or subject particle in elementary affirmative clauses.	私も行きます。	I will go too.	この本も面白いです。	This book is interesting too.
n5	場所で	at a place where an action happens	Contrast action location with the location of existence.	図書館で勉強します。	I study at the library.	家で昼ご飯を食べます。	I eat lunch at home.
n5	場所にNがあります	an inanimate thing exists at a place	Use for things and plants; not the ordinary existence predicate for people or animals.	机の上に本があります。	There is a book on the desk.	庭に木があります。	There is a tree in the garden.
n5	場所にNがいます	a person or animal exists at a place	Use for people and animals; teach location and subject word order together.	公園に子供がいます。	There are children in the park.	部屋に猫がいます。	There is a cat in the room.
n5	場所に／へ行きます	go to; move toward a destination	The directional particle written he is pronounced e; destination and purpose are distinct.	明日、京都へ行きます。	I will go to Kyoto tomorrow.	毎日学校に行きます。	I go to school every day.
n5	Nで	by; using a means or instrument	Contrast instrument or transport with action-location uses of the same particle.	電車で会社に行きます。	I go to work by train.	ペンで名前を書きます。	I write my name with a pen.
n5	時点に	at a specific time	Specific clock times and dates commonly take this particle; relative time words often do not.	七時に起きます。	I get up at seven.	月曜日に会いましょう。	Let's meet on Monday.
n5	NからNまで	from a starting point to an endpoint	Use for time or place boundaries; teach that an endpoint need not be a deadline.	九時から五時まで働きます。	I work from nine to five.	駅から学校まで歩きます。	I walk from the station to the school.
n5	NとN	and; an exhaustive noun list	Also introduces a companion, but distinguish that function in practice.	パンと卵を買います。	I will buy bread and eggs.	兄と姉がいます。	I have an older brother and an older sister.
n5	NやNなど	such things as; a non-exhaustive list	The list gives examples rather than claiming to name every item.	机の上に本やノートがあります。	There are things such as books and notebooks on the desk.	りんごやバナナなどを食べます。	I eat fruit such as apples and bananas.
n5	これ／それ／あれ	this; that; that over there	Standalone demonstrative pronouns; choose by physical or conversational distance.	これは新しい時計です。	This is a new watch.	あれは私の自転車です。	That over there is my bicycle.
n5	この／その／あの＋N	this noun; that noun; that noun over there	These demonstratives require a following noun.	この道は静かです。	This street is quiet.	そのかばんは重いですか。	Is that bag heavy?
n5	い形容詞＋です	polite i-adjective predicate	The adjective itself inflects: negative in -kunai and past in -katta; do not attach a plain copula.	この部屋は広いです。	This room is spacious.	昨日は寒かったです。	It was cold yesterday.
n5	な形容詞＋な＋N	na-adjective modifying a noun	Use the linking na before nouns, not directly before the polite copula.	静かな部屋が好きです。	I like quiet rooms.	ここは便利な町です。	This is a convenient town.
n5	Nでした／ではありませんでした	was a noun; was not a noun	Polite past copula; distinguish noun predicates from adjective and verb inflection.	昨日は雨でした。	It was rainy yesterday.	先週は休みではありませんでした。	Last week was not a holiday.
n5	動詞ます	polite nonpast verb	Can describe a habit or a future event; teach verb groups and dictionary-form lookup together.	毎朝走ります。	I run every morning.	明日帰ります。	I will return tomorrow.
n5	動詞ません	polite negative nonpast verb	Use for a negative habit or intention; the temporal context determines English tense.	私は肉を食べません。	I do not eat meat.	今日は出かけません。	I will not go out today.
n5	動詞ました／ませんでした	polite past verb; polite negative past verb	Teach past affirmative and negative as a contrastive pair.	昨日映画を見ました。	I watched a film yesterday.	今朝は走りませんでした。	I did not run this morning.
n5	動詞てください	please do something	A direct polite request; appropriateness depends on relationship and burden.	ここに名前を書いてください。	Please write your name here.	少し待ってください。	Please wait a little.
n5	動詞ています	be doing; an ongoing action	At this stage teach ongoing action; resulting states need separate instruction later.	今、夕飯を作っています。	I am making dinner now.	弟はテレビを見ています。	My younger brother is watching television.
n5	動詞てもいい	may do; it is acceptable to do	Requests permission when used as a question; not the same as ability.	ここに座ってもいいですか。	May I sit here?	この辞書を使ってもいいです。	You may use this dictionary.
n5	動詞てはいけない	must not do; prohibition	Stronger than a preference or suggestion; avoid overusing it with peers.	ここで写真を撮ってはいけません。	You must not take photographs here.	この水を飲んではいけません。	You must not drink this water.
n5	動詞ないでください	please do not do something	Requires the plain negative form; scaffold that form before using the request.	窓を開けないでください。	Please do not open the window.	ここで走らないでください。	Please do not run here.
n5	動詞たい	want to do something	Attach to the polite-verb stem; generally states the speaker's desire or asks the listener's.	日本に行きたいです。	I want to go to Japan.	今日は早く寝たいです。	I want to go to bed early today.
n5	Nが欲しい	want a thing	Use for the speaker's desire; avoid reporting another person's internal state without evidence.	新しい辞書が欲しいです。	I want a new dictionary.	何が欲しいですか。	What do you want?
n5	動詞ませんか	would you like to do; invitation	A negative question can make an invitation rather than asking about a negative fact.	一緒に昼ご飯を食べませんか。	Would you like to have lunch together?	週末、映画を見ませんか。	Would you like to watch a film this weekend?
n5	動詞ましょう	let's do; a polite proposal	Use for joint action; do not translate every instance as a command.	駅で会いましょう。	Let's meet at the station.	少し休みましょう。	Let's take a short break.
n5	文から	because; giving a reason	The reason precedes the result; a direct explanatory tone is common.	寒いですから、窓を閉めます。	I will close the window because it is cold.	明日は休みですから、出かけます。	I will go out because tomorrow is a day off.
n5	文が文	but; linking contrasting clauses	At beginner level teach contrast; later distinguish soft introductory uses.	この店は小さいですが、便利です。	This shop is small, but it is convenient.	行きたいですが、時間がありません。	I want to go, but I do not have time.
n5	動詞辞書形前に	before doing something	The verb before this expression stays nonpast even in an account of past events.	寝る前に本を読みます。	I read a book before going to bed.	食べる前に手を洗います。	I wash my hands before eating.
n5	動詞てから	after doing; first do and then	The first event must precede the second; teach a practical sequence.	宿題をしてから遊びます。	I play after doing my homework.	朝ご飯を食べてから出かけました。	I went out after eating breakfast.
n5	AはBより形容詞	A is more adjective than B	The comparison baseline follows the comparative particle; adjective forms do not become comparative.	このかばんはあのかばんより軽いです。	This bag is lighter than that bag.	今日は昨日より暖かいです。	Today is warmer than yesterday.
n5	Nの中で一番	the most within a stated group	Define the comparison set before asking for or asserting a superlative.	果物の中でりんごが一番好きです。	Of all fruits, I like apples best.	この町でどの店が一番安いですか。	Which shop is the cheapest in this town?
n5	動詞て、動詞	do something and then do something	Conjoins actions; teach te-form sound changes by verb group, including irregular verbs.	駅で切符を買って、電車に乗りました。	I bought a ticket at the station and boarded the train.	家に帰って、夕飯を作ります。	I will go home and make dinner.
n5	数＋助数詞	number plus counter	Teach common object, person and age counters with their sound changes, not one universal counter.	りんごを三つ買いました。	I bought three apples.	学生が二人います。	There are two students.
n5	動詞語幹に行く	go in order to do something	Attach to the polite-verb stem; motion is part of the meaning.	本を借りに図書館へ行きます。	I go to the library to borrow books.	友達に会いに行きました。	I went to meet a friend.
n5	Nが好き／上手	like a thing; be good at a thing	These are adjectival predicates, not transitive verbs; avoid praising one's own skill insensitively.	私は音楽が好きです。	I like music.	姉は料理が上手です。	My older sister is good at cooking.
n5	文ね／文よ	seeking agreement; presenting information	Sentence-final particles convey stance; tone matters, so do not treat them as interchangeable decoration.	今日は暑いですね。	It is hot today, isn't it?	次の駅ですよ。	It is the next station, you know.
n4	普通形	plain-style predicates	Teach dictionary, negative, past and negative-past verb forms; use appropriate relationships and embedding.	明日は家で勉強する。	I will study at home tomorrow.	昨日はどこにも行かなかった。	I did not go anywhere yesterday.
n4	動詞こと／の	nominalizing an action or event	Choice depends on the following predicate; do not assume complete interchangeability.	泳ぐことが好きです。	I like swimming.	子供が走っているのを見ました。	I saw a child running.
n4	動詞たことがある	have experienced doing something	Refers to life experience, not a single dated event; use the plain past form before the nominalizer.	富士山に登ったことがあります。	I have climbed Mount Fuji.	この料理を食べたことがありますか。	Have you ever eaten this dish?
n4	動詞たり動詞たりする	do things such as; representative actions	Lists examples of activities and need not indicate chronological order.	休みの日は読んだり散歩したりします。	On days off I do things such as read and take walks.	旅行中は泳いだり写真を撮ったりしました。	During the trip I did things such as swim and take photographs.
n4	動詞つもりだ	intend to do; intend not to do	Represents personal intention; distinguish it from an externally fixed schedule.	来年留学するつもりです。	I intend to study abroad next year.	今日は外で食べないつもりです。	I intend not to eat out today.
n4	動詞／Nの予定だ	be scheduled; have a plan	Use the dictionary verb or noun plus the possessive linker; plans can involve other people.	会議は三時に終わる予定です。	The meeting is scheduled to finish at three.	来週は出張の予定です。	I am scheduled to go on a business trip next week.
n4	動詞たがる	show signs of wanting to do	Reports observed desire, commonly of someone other than the speaker.	子供は外で遊びたがっています。	The child is showing that they want to play outside.	弟は新しいゲームを買いたがっています。	My younger brother wants to buy a new game.
n4	動詞語幹／形容詞語幹そうだ	look as if; seem about to	Appearance-based judgment; teach irregular adjective forms and distinguish hearsay attachment.	このケーキはおいしそうです。	This cake looks delicious.	雨が降りそうです。	It looks as if it will rain.
n4	普通形そうだ	I hear that; reportedly	Hearsay follows a complete plain predicate; identify the source when relevant.	天気予報によると、明日は晴れるそうです。	According to the weather forecast, it will be sunny tomorrow.	田中さんは来月引っ越すそうです。	I hear that Mr. Tanaka is moving next month.
n4	普通形ようだ／みたいだ	seem; look like; infer from evidence	The second form is conversational; noun attachment differs between the two.	誰もいないようです。	It seems that no one is here.	この雲は魚みたいです。	This cloud looks like a fish.
n4	動詞辞書形ことができる	be able to do something	Explicit ability or possibility; teach before contrasting inflected potential forms.	ここで切符を買うことができます。	You can buy tickets here.	妹は漢字を読むことができます。	My younger sister can read kanji.
n4	可能形	potential verb form; can do	Teach godan, ichidan and irregular formation; potential forms do not express permission by themselves.	私は百メートル泳げます。	I can swim one hundred metres.	この席から海が見られます。	You can see the sea from this seat.
n4	動詞たら	if; when an event has happened	Useful for specific conditions and completed-event sequencing; distinguish unreal and actual readings by context.	雨が降ったら、家にいます。	If it rains, I will stay home.	駅に着いたら、電話してください。	Please call when you arrive at the station.
n4	普通形と	if; whenever; automatic consequence	Use with predictable results; avoid freely attaching requests or intentions as results.	このボタンを押すと、ドアが開きます。	If you press this button, the door opens.	春になると、花が咲きます。	When spring comes, flowers bloom.
n4	動詞ば／形容詞ければ	if; conditional	Teach conditional conjugation and restrictions through contrasts with other conditional forms.	時間があれば、手伝います。	If I have time, I will help.	安ければ、買いたいです。	If it is cheap, I want to buy it.
n4	N／普通形なら	if that is the case; as for a proposed topic	Responds to a premise or topic supplied by context rather than just temporal succession.	京都に行くなら、秋がいいですよ。	If you are going to Kyoto, autumn is a good time.	静かな店なら、駅の前にあります。	If you want a quiet shop, there is one in front of the station.
n4	(V-te / i-adjective-kute / na-adjective-de / N-de) + も	even if; even though	Attach to the verb's te-form, the i-adjective's connective form, or the na-adjective/noun copular connective. The result remains true despite the condition; distinguish concession from permission.	雨が降っても、試合はあります。	Even if it rains, the game will take place.	忙しくても、朝ご飯を食べます。	Even when I am busy, I eat breakfast.
n4	動詞語幹ながら	while doing another action	The same person normally performs both actions; the final verb carries the main action.	音楽を聞きながら料理します。	I cook while listening to music.	歩きながら話しましょう。	Let's talk while walking.
n4	普通形ので	because; explanatory reason	Often presents the reason more softly or objectively; nouns and na-adjectives need their linking form.	電車が遅れたので、遅刻しました。	I was late because the train was delayed.	静かなので、この部屋で勉強します。	I study in this room because it is quiet.
n4	普通形のに	although; contrary to expectation	Often conveys disappointment or surprise; do not confuse with purpose uses of the same sequence.	たくさん寝たのに、まだ眠いです。	Although I slept a lot, I am still sleepy.	この店は高いのに、いつも混んでいます。	Although this shop is expensive, it is always crowded.
n4	普通形んです／のです	explanatory framing; the situation is that	Connects a statement to context or requests an explanation; not a generic politeness suffix.	どうして遅れたんですか。	Why were you late?	電車が止まったんです。	The train stopped, so that is why.
n4	動詞なければならない	must do; obligation	A double-negative obligation pattern; also teach less formal spoken reductions through listening.	明日までに払わなければなりません。	I must pay by tomorrow.	今日は早く帰らなければなりません。	I must go home early today.
n4	動詞なくてもいい	do not have to do	Expresses absence of necessity, not prohibition.	今日は来なくてもいいです。	You do not have to come today.	全部覚えなくてもいいですよ。	You do not have to memorize everything.
n4	動詞た／ないほうがいい	had better; should or should not	Advice rather than an absolute rule; negative advice uses the nonpast negative.	少し休んだほうがいいです。	You should rest a little.	夜遅く食べないほうがいいです。	You should not eat late at night.
n4	動詞てみる	try doing; do as an experiment	Describes trying an action to discover its result, not trying unsuccessfully to start it.	この靴を履いてみます。	I will try these shoes on.	日本語で日記を書いてみました。	I tried writing a diary in Japanese.
n4	動詞てしまう	finish completely; regrettably do	Context distinguishes completion from regret; introduce contractions for recognition later.	宿題を全部やってしまいました。	I finished all my homework.	財布を忘れてしまいました。	I unfortunately forgot my wallet.
n4	動詞ておく	do in advance; leave in a state	An action prepares for a later need or deliberately maintains a state.	旅行の前に切符を買っておきます。	I will buy the tickets before the trip.	窓は開けておいてください。	Please leave the window open.
n4	動詞てあげる	do a favour for someone	Marks outward benefit; avoid using it boastfully toward a senior or recipient.	妹に本を読んであげました。	I read a book to my younger sister for her.	友達の荷物を持ってあげました。	I carried my friend's luggage for them.
n4	動詞てくれる	someone does a favour for me or my group	Subject is the benefactor; the benefit moves toward the speaker's perspective.	友達が駅まで送ってくれました。	My friend kindly took me to the station.	兄が料理を作ってくれました。	My older brother cooked for me.
n4	動詞てもらう	receive someone's help in doing	The beneficiary is normally the topic or subject; the helper is marked as the agent.	先生に作文を見てもらいました。	I had my teacher look over my composition.	友達に写真を撮ってもらいました。	I had my friend take a photograph.
n4	動詞ようになる	come to do; become able to do	Describes a change in ability or habitual behaviour, not a one-off decision.	漢字が読めるようになりました。	I have become able to read kanji.	毎朝走るようになりました。	I have started running every morning.
n4	動詞ことにする	decide to do	Foregrounds a personal decision rather than an external arrangement.	毎日歩くことにしました。	I decided to walk every day.	今日は甘い物を食べないことにします。	I have decided not to eat sweet things today.
n4	動詞ことになる	it is decided; it turns out that	Describes an arrangement or outcome without foregrounding the speaker as decision-maker.	来月大阪で働くことになりました。	It has been decided that I will work in Osaka next month.	会議は来週行うことになりました。	The meeting has been arranged for next week.
n4	動詞ようにする	make an effort to; make a habit of	Focuses on deliberate practice, not a completed change of ability.	野菜を食べるようにしています。	I make a point of eating vegetables.	約束を忘れないようにしてください。	Please make sure not to forget the appointment.
n4	動詞辞書形ところだ	be just about to do	Locates an action at its starting boundary; teach alongside ongoing and just-finished versions.	今から出かけるところです。	I am just about to go out.	昼ご飯を食べるところです。	I am just about to eat lunch.
n4	動詞たばかりだ	have only just done	Recency is subjective and can cover more than a few moments.	この町に来たばかりです。	I have only just arrived in this town.	先月この仕事を始めたばかりです。	I only started this job last month.
n4	動詞語幹すぎる	do too much; be excessively	Attach to a verb stem or adjective stem; evaluate against a contextual standard.	昨日は食べすぎました。	I ate too much yesterday.	この靴は小さすぎます。	These shoes are too small.
n4	動詞語幹やすい／にくい	easy to do; hard to do	Describes ease or difficulty of the action, not the actor's ability alone.	このペンは書きやすいです。	This pen is easy to write with.	この地図は分かりにくいです。	This map is hard to understand.
n4	文かどうか	whether or not; embedded yes-no question	Embed a plain question without treating the final predicate as another question particle.	店が開いているかどうか知りません。	I do not know whether the shop is open.	行けるかどうか、明日連絡します。	I will let you know tomorrow whether I can go.
n4	普通形と思う	think that; express an opinion	Quote a plain predicate; distinguish speaker opinion from independently verified information.	明日は晴れると思います。	I think it will be sunny tomorrow.	この方法がいいと思います。	I think this method is good.
n4	普通形と言う	say that; quotation	Use plain form for indirect content; distinguish an exact quotation from a paraphrase.	先生は明日試験があると言いました。	The teacher said that there would be a test tomorrow.	弟は行かないと言っています。	My younger brother says he will not go.
n4	動詞ている	resulting state; continuing habit	Extend the progressive beyond ongoing actions; intransitive change verbs often describe a resulting state.	窓が開いています。	The window is open.	私は東京に住んでいます。	I live in Tokyo.
n4	動詞てある	a state resulting from deliberate action	Typically uses a transitive verb and implies that someone arranged the result.	机に資料が置いてあります。	The documents have been placed on the desk.	壁に地図が貼ってあります。	A map has been put up on the wall.
n4	受身形	passive voice; be affected by another's action	Teach direct passives first and introduce affected-person passives with context.	私は先生に褒められました。	I was praised by my teacher.	この本は多くの人に読まれています。	This book is read by many people.
n4	お／ご〜になる	respectful description of someone else's action	Raises the subject's action; use an eligible verb stem or verbal noun with its appropriate honorific prefix. Introduce special respectful verbs separately and do not use for oneself.	先生はもうお帰りになりました。	The teacher has already gone home.	部長は資料をお読みになりました。	The department manager read the documents.
n3	使役形	make or let someone do	Causative meaning depends on context; explicitly distinguish permission from coercion.	母は子供に野菜を食べさせました。	The mother made the child eat vegetables.	先生は学生に自由に話させました。	The teacher let the students speak freely.
n3	使役受身形	be made to do	Subject experiences imposed action; practise the full form before conversational contractions.	私は一時間待たされました。	I was made to wait for an hour.	弟は部屋を掃除させられました。	My younger brother was made to clean the room.
n3	お／ご〜する	humble description of one's own action	Lowers the speaker's action relative to its respected recipient; does not simply mean formal speech.	私が荷物をお持ちします。	I will carry your luggage.	会場をご案内します。	I will show you around the venue.
n3	動詞ていただけませんか	could you kindly do something	A deferential request for a favour; teach it with realistic recipient and burden choices.	もう一度説明していただけませんか。	Could you kindly explain it once more?	この書類を確認していただけませんか。	Could you please check this document?
n3	動詞させてください	please let me do something	A request for permission to act; distinguish the speaker as actor from causative commands to others.	少し考えさせてください。	Please let me think for a moment.	私にも手伝わせてください。	Please let me help too.
n3	普通形はずだ	be expected to; should logically	An evidence-based expectation, not moral advice or an absolute guarantee.	田中さんはもう駅に着いたはずです。	Mr. Tanaka should have arrived at the station by now.	今日は日曜日だから、店は休みのはずです。	Since today is Sunday, the shop should be closed.
n3	普通形わけではない	it does not follow that; not necessarily	Partially or generally denies an inference rather than always denying the entire proposition.	高い物がいつも良いわけではありません。	Expensive things are not always good.	日本語が全部分かるわけではありません。	It is not that I understand all Japanese.
n3	普通形わけがない	there is no way that	Strong subjective denial based on reasoning or conviction.	一日で全部覚えられるわけがありません。	There is no way I can memorize everything in one day.	彼が約束を忘れるわけがない。	There is no way he would forget his promise.
n3	動詞わけにはいかない	cannot do because of circumstances or duty	Not physical inability; an obligation or social constraint prevents the action.	明日は試験なので、休むわけにはいきません。	I cannot take the day off because I have an exam tomorrow.	大事な約束を破るわけにはいきません。	I cannot break an important promise.
n3	普通形べきだ	should; ought to as a principle	Normative judgment can sound strong; teach negative form and softened advice alternatives.	約束は守るべきです。	You should keep your promises.	人の話を最後まで聞くべきです。	You should listen to people until they finish.
n3	普通形かもしれない	may; might	Expresses possibility with less confidence than a prediction stated as certain.	夕方は雨になるかもしれません。	It might rain in the evening.	彼は道に迷ったかもしれません。	He may have lost his way.
n3	普通形に違いない	must be; surely based on inference	Strong inference, not direct evidence or legal obligation.	電気がついているから、誰かいるに違いない。	The lights are on, so someone must be there.	彼はこの知らせを喜ぶに違いありません。	He will surely be pleased by this news.
n3	普通形らしい	apparently; according to indirect evidence	Distinguish evidential use from the suffix describing typical qualities.	駅の近くに新しい店ができたらしいです。	Apparently a new shop has opened near the station.	彼は来週帰国するらしいです。	Apparently he will return to his country next week.
n3	Nらしい	typical of; characteristic of a noun	Expresses a quality fitting an expected type; it is not the evidential use.	今日は春らしい天気です。	Today's weather is typical of spring.	彼女らしい丁寧な答えでした。	It was a careful answer that was characteristic of her.
n3	動詞ために	in order to; for a purpose	Usually links a controllable action to its intended purpose; contrast purpose with cause.	留学するために貯金しています。	I am saving money in order to study abroad.	健康のために毎日歩いています。	I walk every day for my health.
n3	動詞ように	so that; in order that a state becomes possible	Common with potential and negative predicates; often avoids a directly volitional goal.	忘れないようにメモします。	I make a note so that I will not forget.	後ろの人にも聞こえるように話してください。	Please speak so that the people at the back can hear too.
n3	動詞ないうちに	before something happens	Take an opportunity before the stated change occurs; teach alongside affirmative while-still uses.	雨が降らないうちに帰りましょう。	Let's go home before it rains.	忘れないうちに書いておきます。	I will write it down before I forget.
n3	普通形間に	during; at some point while	The event occurs within the stated interval; contrast an activity maintained throughout the interval.	留守の間に荷物が届きました。	A parcel arrived while I was out.	日本にいる間に京都を訪れたいです。	I want to visit Kyoto while I am in Japan.
n3	普通形うちに	while a state lasts; before the opportunity passes	A temporary state provides a window for action or gradual change.	若いうちに色々な経験をしたいです。	I want to have many experiences while I am young.	温かいうちに食べてください。	Please eat it while it is warm.
n3	動詞たとたんに	the instant; just as	A sudden event follows immediately; usually reports an actual unexpected occurrence.	窓を開けたとたんに、風が入ってきました。	The instant I opened the window, wind came in.	家を出たとたんに、雨が降り始めました。	Just as I left the house, it began to rain.
n3	動詞たびに	every time; whenever	Describes a recurring pairing of events; attach nouns with a possessive linker.	この歌を聞くたびに、故郷を思い出します。	Every time I hear this song, I remember my hometown.	旅行のたびに写真をたくさん撮ります。	I take many photographs every time I travel.
n3	動詞ついでに	while doing something else; taking the opportunity	The secondary action is convenient alongside a primary task.	買い物に行くついでに、手紙を出します。	I will post the letter while I am out shopping.	散歩のついでに、パンを買いました。	I bought bread while I was out for a walk.
n3	動詞たまま	leave or remain in a state	An earlier action establishes a state that continues during another event.	電気をつけたまま寝てしまいました。	I fell asleep with the light left on.	靴を履いたまま入らないでください。	Please do not come in with your shoes still on.
n3	動詞ずに	without doing	A written or slightly formal alternative to a negative connective; the irregular verb meaning do uses a special form.	朝ご飯を食べずに出かけました。	I went out without eating breakfast.	辞書を使わずに読みました。	I read it without using a dictionary.
n3	動詞ないで	without doing; do instead of	Contrast absence of an accompanying action with causal negative constructions.	傘を持たないで出かけました。	I went out without taking an umbrella.	今日は外へ行かないで、家で休みます。	Today I will rest at home instead of going out.
n3	(N / plain clause) + ほど〜ない	not as much as; not as adjective as	Use a noun as the comparison baseline or a plain clause expressing an expected degree, followed by a negative predicate. Keep the baseline and compared item clear.	今日は昨日ほど寒くありません。	Today is not as cold as yesterday.	この仕事は思ったほど難しくありません。	This job is not as difficult as I expected.
n3	普通形ほど	to the extent that; so much that	An event or quality illustrates the degree of the main description.	声が出ないほど驚きました。	I was so surprised that I could not speak.	歩けないほど疲れました。	I was so tired that I could not walk.
n3	動詞ば動詞ほど	the more one does, the more	Requires a repeated predicate or matched adjective forms; teach gradual correlation.	読めば読むほど面白くなります。	The more I read, the more interesting it becomes.	練習すればするほど上手になります。	The more you practise, the better you become.
n3	普通形だけでなく	not only; but also	Coordinate comparable constituents and make the additive relationship explicit.	彼は英語だけでなく、中国語も話せます。	He can speak not only English but also Chinese.	この店は安いだけでなく、サービスもいいです。	This shop is not only inexpensive; its service is good too.
n3	Nに比べて	compared with	Frames a comparison; not necessarily a claim of statistical significance.	去年に比べて、今年は暖かいです。	This year is warm compared with last year.	電車に比べて、バスは時間がかかります。	The bus takes longer compared with the train.
n3	Nについて	about; concerning a topic	Marks the topic of speaking, thinking or writing rather than a target of an action.	日本の歴史について調べています。	I am researching Japanese history.	将来について話し合いました。	We discussed the future.
n3	Nに対して	toward; with regard to a target	Marks an addressee or target of an attitude or action; contrast topical about.	先生に対して失礼なことを言ってはいけません。	You must not say rude things to the teacher.	この計画に対して意見があります。	I have an opinion regarding this plan.
n3	Nによって	depending on; variation according to	Distinguish this variation sense from agency, cause and means.	国によって習慣が違います。	Customs differ depending on the country.	季節によって値段が変わります。	Prices change depending on the season.
n3	Nによって	by an agent; by means of	Formal agency or means; the English translation depends on the predicate.	この橋は地元の会社によって建てられました。	This bridge was built by a local company.	話し合いによって問題を解決しました。	We solved the problem through discussion.
n3	Nとして	as; in the role of	Identifies a function, capacity or standpoint rather than similarity.	彼は医者として働いています。	He works as a doctor.	この部屋を会議室として使います。	We use this room as a meeting room.
n3	普通形おかげで	thanks to; a beneficial cause	Usually introduces a favourable result; ironic uses require a clear context.	先生のおかげで、試験に合格しました。	Thanks to my teacher, I passed the exam.	早く予約したおかげで、安く泊まれました。	Thanks to booking early, we were able to stay cheaply.
n3	普通形せいで	because of; an unfavourable cause	Assigns blame or a negative cause; use carefully when discussing people.	雨のせいで、試合が中止になりました。	The game was cancelled because of the rain.	寝不足のせいで、集中できません。	I cannot concentrate because of insufficient sleep.
n3	普通形かわりに	instead of; in exchange for	The context distinguishes substitution from a compensating trade-off.	車で行くかわりに、電車で行きます。	I will go by train instead of going by car.	手伝うかわりに、日本語を教えてください。	Please teach me Japanese in exchange for my help.
n3	Nさえ	even; an extreme example	Highlights a surprising minimum or extreme; do not confuse with limitation.	忙しくて、昼ご飯を食べる時間さえありません。	I am so busy that I do not even have time to eat lunch.	子供でさえ、この問題が解けます。	Even a child can solve this problem.
n3	Nしか〜ない	nothing but; only with a negative predicate	The restriction requires a negative predicate and often suggests insufficiency.	財布には千円しかありません。	I have only one thousand yen in my wallet.	この店は日曜日しか開いていません。	This shop is open only on Sundays.
n3	普通形ばかりでなく	not only; additionally	Often somewhat more formal than the common additive construction; avoid listing unlike constituents.	彼女は研究ばかりでなく、教育にも力を入れています。	She puts effort not only into research but also into teaching.	この町は静かなばかりでなく、交通も便利です。	This town is not only quiet; transport is convenient too.
n3	普通形ということだ	that means; the reported fact is	Nominalizes or restates a proposition; explicitly distinguish inference from hearsay in the task.	つまり、今日は休みということですね。	So that means today is a day off, right?	連絡によると、会議は延期ということです。	According to the message, the meeting has been postponed.
n3	普通形ことはない	there is no need to do	Reassures against an unnecessary action; not a claim about life experience.	そんなに心配することはありません。	There is no need to worry so much.	急ぐことはありません。	There is no need to hurry.
n3	動詞ていく	change continuing from now; movement away	Teach temporal development separately from literal movement away from the speaker.	これからも日本語を勉強していきます。	I will continue studying Japanese from now on.	鳥が遠くへ飛んでいきました。	The bird flew off into the distance.
n3	動詞てくる	change up to now; movement toward	Marks change reaching the present or movement toward the viewpoint; context determines the sense.	少しずつ暖かくなってきました。	It has gradually become warmer.	犬がこちらへ走ってきました。	A dog came running toward us.
n2	動詞次第	as soon as; upon completion	Attach to the verb stem for an intended next action; contrast past narrative immediacy.	準備ができ次第、出発します。	We will leave as soon as preparations are complete.	結果が分かり次第、ご連絡します。	I will contact you as soon as I know the result.
n2	N次第で	depending on; determined by	The outcome hinges on the stated variable; distinct from the immediate-sequence construction.	天気次第で、予定を変えます。	We will change the plan depending on the weather.	努力次第で、結果は変わります。	The result will change depending on the effort.
n2	動詞上で	after doing as a prerequisite; upon	For temporal use attach the past form; distinguish the context-of-activity sense with nonpast verbs.	内容を確認した上で、署名してください。	Please sign after checking the contents.	家族と相談した上で、決めました。	I decided after consulting my family.
n2	動詞上は	now that; since one has committed	A chosen course of action entails responsibility or determination.	引き受けた上は、最後までやります。	Now that I have accepted it, I will see it through.	参加する上は、規則を守ってください。	If you are going to participate, please follow the rules.
n2	普通形以上は	now that; since it is the case	States a premise followed by an obligation, determination or necessary consequence.	約束した以上は、守るべきです。	Now that you have promised, you should keep it.	試験を受ける以上は、十分に準備したいです。	Since I am taking the exam, I want to prepare thoroughly.
n2	普通形からには	since; now that one has undertaken	Emphasizes commitment and a consequent resolve or expectation.	やるからには、全力を尽くします。	Since I am doing it, I will give it my all.	選んだからには、責任を持ちます。	Now that I have chosen it, I will take responsibility.
n2	普通形限り	as long as; while a condition holds	The result holds within a stated condition or scope; avoid absolute claims beyond that scope.	時間がある限り、手伝います。	I will help as long as I have time.	私が知っている限り、その店は休みです。	As far as I know, that shop is closed.
n2	動詞ない限り	unless; as long as not	A necessary condition for changing the result is expressed in the negative clause.	雨が降らない限り、出発します。	We will depart unless it rains.	本人が来ない限り、手続きはできません。	The procedure cannot be completed unless the person comes in person.
n2	動詞つつある	be in the process of changing	Formal written description of ongoing change; not a general replacement for every progressive.	人口は減りつつあります。	The population is declining.	状況は改善しつつあります。	The situation is improving.
n2	動詞つつ	while; although doing	Attach to the verb stem; the concessive reading highlights conflict between awareness and conduct.	将来を考えつつ、計画を立てています。	I am making a plan while thinking about the future.	悪いと知りつつ、黙っていました。	Although I knew it was wrong, I remained silent.
n2	動詞かねる	be unable to; find it difficult to	Formal inability or reluctance in service and professional contexts; attach to the verb stem.	その質問にはお答えしかねます。	I am unable to answer that question.	今は判断しかねます。	I cannot make a judgment at present.
n2	動詞かねない	might unfortunately do; could lead to	Warns of an undesirable possibility; not the negative of polite inability in ordinary meaning.	このままでは事故が起こりかねません。	If things continue like this, an accident could happen.	無理をすると、体を壊しかねません。	If you overdo it, you could damage your health.
n2	動詞得る／得ない	can possibly; cannot possibly	Expresses theoretical possibility rather than learned ability; reading varies by conjugated form.	誰にでも起こり得る問題です。	It is a problem that could happen to anyone.	その説明だけでは納得し得ません。	I cannot be convinced by that explanation alone.
n2	普通形おそれがある	there is a risk that	A formal warning of an undesirable outcome; distinguish an assessed risk from certainty.	大雨で川があふれるおそれがあります。	There is a risk that the river will overflow because of heavy rain.	交通が乱れるおそれがあります。	There is a risk of transport disruption.
n2	普通形に決まっている	be certain to; of course	Strong subjective conviction, often more emphatic than the evidence warrants.	そんなに安いのには理由があるに決まっています。	There must be a reason it is so cheap.	努力したのだから、喜ぶに決まっています。	Of course they will be happy, since they worked hard.
n2	普通形にすぎない	be merely; no more than	Downplays scope or importance; nouns can attach directly.	これは一つの例にすぎません。	This is merely one example.	私は聞いたことを伝えたにすぎません。	I merely passed on what I had heard.
n2	Nにほかならない	be nothing other than; precisely	Emphatically identifies an essence or cause; primarily formal explanatory style.	成功は努力の結果にほかなりません。	The success is nothing other than the result of effort.	これは信頼の証しにほかなりません。	This is precisely proof of trust.
n2	普通形とは限らない	not necessarily; not always	Denies universality, leaving open both positive and negative cases.	有名な店がおいしいとは限りません。	A famous restaurant is not necessarily good.	早く終わるとは限りません。	It will not necessarily finish early.
n2	普通形わけだ	that explains why; it follows that	Arrives at a conclusion from known information, rather than issuing an obligation.	五年住んでいたのですか。道に詳しいわけですね。	You lived there for five years? That explains why you know the streets well.	一日に十ページなら、十日で百ページ読むわけです。	At ten pages a day, that means reading one hundred pages in ten days.
n2	普通形ものの	although; despite the fact that	Written-style concession; nouns and na-adjectives generally require the attributive copula.	買ったものの、まだ使っていません。	Although I bought it, I have not used it yet.	説明を読んだものの、操作は分かりませんでした。	Although I read the explanation, I did not understand how to operate it.
n2	普通形にもかかわらず	despite; notwithstanding	Formal strong contrast between circumstance and outcome; nouns attach directly.	雨にもかかわらず、多くの人が来ました。	Despite the rain, many people came.	十分に休んだにもかかわらず、疲れが取れません。	Despite resting enough, I cannot shake off my fatigue.
n2	普通形くせに	even though; despite, with criticism	Usually conveys blame or contempt; restrict productive practice to appropriate fictional contexts.	知っているくせに、教えてくれません。	Even though they know, they will not tell me.	約束したくせに、彼は来ませんでした。	Even though he promised, he did not come.
n2	普通形わりに	considering; for the degree expected	An outcome differs from the expectation raised by the first clause.	この店は高いわりに、量が少ないです。	Considering how expensive this restaurant is, the portions are small.	初めてのわりに、上手にできました。	It turned out well considering it was the first attempt.
n2	普通形だけあって	as expected of; because appropriately	The observed result matches a quality, reputation or invested effort.	長く住んでいるだけあって、町に詳しいですね。	As expected of someone who has lived here a long time, you know the town well.	人気があるだけあって、この本は面白いです。	As its popularity would suggest, this book is interesting.
n2	普通形ばかりか	not only; even more	Adds a stronger or more surprising fact, frequently in formal writing.	彼は遅刻したばかりか、資料も忘れました。	He not only arrived late but also forgot the documents.	この方法は安いばかりか、環境にも優しいです。	This method is not only inexpensive but also environmentally friendly.
n2	Nに加えて	in addition to	A formal additive connector; attach to nominal content.	英語に加えて、中国語も勉強しています。	In addition to English, I am studying Chinese.	雨に加えて、風も強くなりました。	In addition to the rain, the wind grew stronger.
n2	Nをはじめ	starting with; including a representative example	The listed item represents a larger group, not necessarily a chronological first step.	東京をはじめ、多くの都市で展示会が開かれます。	Exhibitions will be held in many cities, including Tokyo.	先生をはじめ、皆さんに感謝しています。	I am grateful to everyone, especially my teacher.
n2	Nにわたって	over; throughout an extent	Describes duration, geographical reach or a broad range.	調査は三年にわたって行われました。	The survey was conducted over three years.	広い地域にわたって雨が降りました。	Rain fell throughout a wide area.
n2	Nを通じて／を通して	through; throughout; via	Distinguish mediation from a whole-period temporal scope.	友人を通じて、その会社を知りました。	I learned about that company through a friend.	一年を通して暖かい地域です。	It is a region that is warm throughout the year.
n2	Nに伴って	along with; accompanying change	Formal description of linked developments; correlation need not establish causation.	人口の増加に伴って、住宅が増えました。	Housing increased along with population growth.	制度の変更に伴って、手続きも変わります。	Procedures will also change with the change in the system.
n2	動詞につれて	as; progressively along with	Describes two changes that develop together; usually not an intentional instruction.	時間がたつにつれて、不安が減りました。	As time passed, my anxiety diminished.	山を登るにつれて、気温が下がります。	As you climb the mountain, the temperature drops.
n2	N／動詞に従って	in accordance with; as a change proceeds	Teach compliance with a rule separately from correlated progression.	説明書に従って組み立ててください。	Please assemble it according to the instructions.	年を取るに従って、好みが変わりました。	My tastes changed as I grew older.
n2	Nに応じて	in response to; according to need	The response adapts to the stated condition, scale or requirement.	経験に応じて、仕事を分けます。	We allocate work according to experience.	必要に応じて、予定を変更できます。	The schedule can be changed as necessary.
n2	Nに基づいて	based on a foundation or evidence	Formal grounding in data, a rule or a plan; check that the claimed evidence supports the conclusion.	資料に基づいて判断しました。	I made a judgment based on the documents.	計画に基づいて工事を進めます。	We will proceed with construction based on the plan.
n2	Nをめぐって	concerning a disputed or discussed issue	Often accompanies debate, competition or differing positions.	新しい制度をめぐって議論が続いています。	Debate continues over the new system.	土地の利用をめぐって意見が分かれました。	Opinions were divided over the use of the land.
n2	Nに関して	concerning; regarding	Formal topic marking; introduce the attributive version for document titles and noun phrases.	この件に関して、ご質問はありますか。	Do you have any questions regarding this matter?	安全に関して詳しく説明します。	I will explain safety matters in detail.
n2	Nに際して	on the occasion of; when undertaking	A formal significant occasion or planned undertaking, not every routine occurrence.	申し込みに際して、身分証明書が必要です。	Identification is required when applying.	出発に際して、注意事項を確認しました。	Before departure, we checked the precautions.
n2	Nに先立って	prior to; in advance of	Formal sequencing of preparation before an event.	会議に先立って、資料を配りました。	We distributed documents prior to the meeting.	工事に先立って、住民に説明しました。	We explained matters to residents before construction.
n2	動詞た末に	after a long process; in the end	Implies substantial effort, thought or difficulty before an outcome.	長く考えた末に、転職を決めました。	After thinking for a long time, I decided to change jobs.	話し合った末に、計画を変更しました。	After extensive discussion, we changed the plan.
n2	動詞たあげく	after all that; ultimately an undesirable result	Typically describes a negative outcome following effort or indecision.	長く待ったあげく、店に入れませんでした。	After waiting a long time, we still could not get into the shop.	迷ったあげく、何も買いませんでした。	After much indecision, I bought nothing.
n2	動詞きり	ever since; with no subsequent expected action	Past verb plus this expression often indicates that an expected next event never happened.	彼は出かけたきり、戻ってきません。	He went out and has not returned.	去年会ったきり、連絡を取っていません。	We have not been in contact since meeting last year.
n2	N抜きで／抜きにして	without; leaving aside	Signals deliberate omission of an ingredient, participant or consideration.	砂糖抜きでコーヒーを飲みます。	I drink coffee without sugar.	冗談抜きで、これは大事な問題です。	Joking aside, this is an important issue.
n2	Nに限らず	not limited to	Expands beyond a named group; often followed by an additional or broader group.	子供に限らず、大人にも人気があります。	It is popular not only with children but also with adults.	日本に限らず、世界中で使われています。	It is used not just in Japan but around the world.
n2	Nを問わず	regardless of; irrespective of	Formal inclusiveness over a specified criterion; do not imply that every other condition is absent.	年齢を問わず参加できます。	People can participate regardless of age.	経験の有無を問わず募集しています。	We are recruiting regardless of whether applicants have experience.
n2	動詞ざるを得ない	have no choice but to do	Formal unavoidable necessity; the irregular verb meaning do takes a special negative stem.	電車が止まったので、歩かざるを得ませんでした。	The trains had stopped, so I had no choice but to walk.	費用が足りず、計画を変えざるを得ません。	We lack funds and have no choice but to change the plan.
n1	動詞や否や	as soon as; no sooner than	A rapid actual sequence; literary or formal, with the dictionary form before the connector.	彼は席に着くや否や、資料を開きました。	As soon as he sat down, he opened the documents.	ベルが鳴るや否や、子供たちは外へ走りました。	As soon as the bell rang, the children ran outside.
n1	動詞が早いか	no sooner than; immediately on	A near-simultaneous sequence, typically describing observed rather than intended actions.	ドアが開くが早いか、猫が飛び出しました。	No sooner had the door opened than the cat darted out.	彼は話を聞くが早いか、電話をかけました。	As soon as he heard the news, he made a phone call.
n1	動詞なり	as soon as; immediately after	Usually the same subject performs a sudden next action; do not confuse with manner or alternative-list uses.	彼は帰宅するなり、ソファに座り込みました。	As soon as he got home, he sank into the sofa.	彼女は手紙を読むなり、泣き出しました。	As soon as she read the letter, she began to cry.
n1	動詞そばから	no sooner than; repeatedly undone	A recurring action is immediately followed by a result that defeats its purpose.	片付けるそばから、子供がおもちゃを出します。	No sooner do I tidy up than the child takes out toys again.	覚えたそばから、単語を忘れてしまいます。	I forget words almost as soon as I learn them.
n1	動詞てからというもの	ever since a major turning point	Emphasizes a lasting change beginning with the first event.	この町に来てからというもの、毎日歩いています。	Ever since moving to this town, I have walked every day.	本を出版してからというもの、生活が変わりました。	Ever since publishing the book, my life has changed.
n1	動詞たが最後	once something happens, an inevitable result follows	Usually warns of a difficult-to-reverse consequence; not simply a neutral chronological sequence.	この秘密を話したが最後、もう取り消せません。	Once you reveal this secret, you cannot take it back.	彼と議論を始めたが最後、何時間も終わりません。	Once you start arguing with him, it goes on for hours.
n1	Nを皮切りに	starting with; an initial event followed by a series	Use where the first event launches a succession or expansion.	東京公演を皮切りに、全国を回ります。	Starting with the Tokyo performance, they will tour the country.	最初の成功を皮切りに、新しい事業が次々に始まりました。	Starting with the first success, new businesses began one after another.
n1	Nをもって	as of; by means of, formal	Explicitly distinguish formal completion-time use from formal means; teach completion first.	本日をもって、受付を終了します。	Applications will close as of today.	この発表をもって、会議を終わります。	With this presentation, we conclude the meeting.
n1	Nを経て	through; after passing through a stage	Describes a route or process with meaningful intermediate stages.	何度もの話し合いを経て、合意に達しました。	After several rounds of discussion, we reached agreement.	大阪を経て、京都に向かいました。	We headed to Kyoto via Osaka.
n1	Nに至るまで	even as far as; down to	Emphasizes the farthest extent or finest detail within an inclusive range.	服装から話し方に至るまで、よく似ています。	They are very similar, from their clothing right down to their way of speaking.	小さな部品に至るまで、確認しました。	We checked everything, down to the smallest parts.
n1	Nに至っては	when it comes to an extreme case	Often singles out a striking example, frequently unfavourable; requires a broader comparison context.	皆遅れていましたが、彼に至っては一時間も遅刻しました。	Everyone was late, but he was a full hour late.	他の部屋も狭いですが、この部屋に至っては窓さえありません。	The other rooms are small, but this room does not even have a window.
n1	Nに即して	in accordance with; closely reflecting	Formal consistency with actual circumstances, evidence or an applicable standard.	現実に即して、計画を見直す必要があります。	We need to revise the plan in line with reality.	事実に即して説明してください。	Please explain in accordance with the facts.
n1	Nに照らして	in light of; against a standard	An evaluative comparison with law, precedent, evidence or criteria.	規則に照らして、判断しました。	We made a judgment in light of the rules.	過去の例に照らして、この対応は適切です。	In light of past examples, this response is appropriate.
n1	Nを踏まえて	taking into account; building on	Implies that known facts or prior discussion inform the next action.	調査結果を踏まえて、対策を考えます。	We will consider measures based on the survey results.	前回の反省を踏まえて、方法を変えました。	We changed the method in light of what we learned last time.
n1	Nに則って	in conformity with established rules	Formal compliance with a rule, procedure or custom, rather than mere similarity.	法律に則って、手続きを進めます。	We will proceed with the procedure in accordance with the law.	伝統に則って、式が行われました。	The ceremony was conducted in accordance with tradition.
n1	Nを余儀なくされる	be compelled to; be forced into	A formal passive emphasizing external circumstances rather than personal preference.	大雪で予定の変更を余儀なくされました。	Heavy snow forced us to change the schedule.	工場は操業停止を余儀なくされました。	The factory was forced to suspend operations.
n1	動詞ずにはいられない	cannot help doing; unable to resist	An involuntary feeling or strong inner impulse motivates the action; not externally imposed duty.	その話を聞くと、笑わずにはいられません。	I cannot help laughing when I hear that story.	この写真を見ると、故郷を思い出さずにはいられません。	When I see this photograph, I cannot help remembering my hometown.
n1	動詞ずにはおかない	will inevitably cause; be sure to	A powerful effect inevitably provokes an action or response; distinguish inner impulse from causal force.	彼女の演奏は聴衆を感動させずにはおきません。	Her performance is sure to move the audience.	この発見は社会の関心を集めずにはおかないでしょう。	This discovery will surely attract public interest.
n1	動詞ずにはすまない	cannot get away without; must do to settle matters	A social or practical obligation makes avoidance unacceptable; not a claim of inability.	大切な資料をなくしたので、謝らずにはすみません。	Having lost the important documents, I cannot avoid apologizing.	これほど迷惑をかけた以上、説明せずにはすみません。	After causing this much trouble, I cannot leave without explaining.
n1	動詞ないではすまない	cannot avoid having to do	Negative connective variant of unavoidable accountability; teach as a related but usable construction.	約束を破ったのだから、謝らないではすみません。	Since I broke my promise, I cannot avoid apologizing.	この問題は、責任者が説明しないではすまないでしょう。	The person in charge will have to explain this problem.
n1	動詞べく	in order to; with the aim of	Formal purpose attached to dictionary form; typically intentional written narration.	問題を解決すべく、専門家が集まりました。	Experts gathered in order to solve the problem.	真相を確かめるべく、現地へ向かいました。	I headed to the site to establish the truth.
n1	動詞んがために	in order to; with a firm aim	Literary and emphatic purpose; formed from the negative stem and uncommon in ordinary conversation.	夢を実現せんがために、努力を重ねました。	I worked persistently in order to realize my dream.	技術を学ばんがために、海を渡りました。	They crossed the sea in order to learn the technology.
n1	動詞べからず	must not; formal prohibition	Written notices or maxims; recognize rather than use as routine polite conversation.	ここに立ち入るべからず。	Do not enter this area.	初心を忘れるべからず。	Do not forget your original intentions.
n1	動詞まじき	unbecoming; something that should never be	Attributive condemnation, often attached to a role or professional norm; strongly judgmental.	教師にあるまじき発言です。	It is a remark unbecoming of a teacher.	責任者にあるまじき態度でした。	It was conduct unbecoming of the person in charge.
n1	動詞に堪えない	unbearable to; not worth enduring	With perception verbs, the quality makes the experience intolerable; contrast separate emotional-noun use.	その報告は聞くに堪えない内容でした。	The report's contents were unbearable to hear.	その映像は見るに堪えませんでした。	The footage was unbearable to watch.
n1	Nに堪えない	be overwhelmed by an emotion	Formal emotional expression; distinguish this sense from an unbearable viewing or listening experience.	皆様のご支援を賜り、感謝に堪えません。	Having received everyone's support, I am deeply grateful.	この知らせを聞き、喜びに堪えません。	I am overwhelmed with joy at this news.
n1	(V-dictionary / verbal noun) + に足る	be worthy of; sufficient to	Attach to a dictionary-form verb or a verbal noun expressing the relevant action. Formal attributive or predicative evaluation; identify what evidence supports the appraisal.	彼は信頼に足る人物です。	He is a person worthy of trust.	検討に足る提案だと思います。	I think it is a proposal worthy of consideration.
n1	動詞に忍びない	cannot bear to do for emotional reasons	Compassion or emotional difficulty prevents the action, rather than physical inability.	この古い手紙は捨てるに忍びません。	I cannot bear to throw away these old letters.	彼女の悲しむ姿は見るに忍びません。	I cannot bear to see her looking so sad.
n1	普通形といえども	even though; even in the case of	Formal concession that rejects exemption for a category or circumstance.	専門家といえども、間違うことはあります。	Even experts can make mistakes.	子供といえども、規則は守る必要があります。	Even children need to follow the rules.
n1	普通形とはいえ	although admittedly; even so	Acknowledges a proposition and then qualifies the expected conclusion.	春とはいえ、朝はまだ寒いです。	Although it is spring, the mornings are still cold.	便利とはいえ、費用がかかりすぎます。	Although it is convenient, it costs too much.
n1	普通形ものを	if only; although, with regret	Highlights an unrealized better outcome or disappointment; literary or emotionally marked.	相談してくれれば、手伝えたものを。	If only you had consulted me, I could have helped.	早く出れば間に合ったものを、寝坊してしまいました。	I would have been on time if I had left early, but I overslept.
n1	(N / V-stem) + ながらに／ながらにして	while remaining in a state; from a state	Used in fixed state expressions with certain nouns or verb stems; the extended form occurs in established combinations. Do not freely substitute it for the ordinary simultaneous-action connective.	彼女は涙ながらに事情を説明しました。	She explained the circumstances in tears.	このサービスなら、家にいながらにして買い物ができます。	With this service, you can shop without leaving home.
n1	Nならではの	unique to; possible only through a special quality	Praises or identifies a distinctive strength; typically modifies a noun.	地元ならではの料理を楽しみました。	We enjoyed dishes unique to the local area.	職人ならではの技術です。	It is skill distinctive to an artisan.
n1	Nと相まって	together with; interacting with	Two factors combine to strengthen an outcome rather than simply coexist.	努力が才能と相まって、大きな成果を生みました。	Effort combined with talent to produce a major achievement.	照明が音楽と相まって、特別な雰囲気を作りました。	The lighting and music together created a special atmosphere.
n1	Nをよそに	disregarding; unaffected by	A subject acts contrary to others' concerns or an external situation.	周囲の心配をよそに、彼は旅を続けました。	Disregarding the concern of those around him, he continued his journey.	不況をよそに、この店は売り上げを伸ばしています。	Despite the recession, this shop is increasing its sales.
n1	Nをものともせずに	undaunted by; overcoming an obstacle	Depicts determined action despite a substantial obstacle; often admiring in tone.	強風をものともせずに、選手たちは走り続けました。	Undaunted by the strong wind, the athletes kept running.	困難をものともせずに、研究を続けました。	Undaunted by difficulties, they continued the research.
n1	Nを押して	despite; pushing past a constraint	Usually expresses undertaking an action despite illness, opposition or a demanding schedule.	彼は病気を押して、会議に出席しました。	He attended the meeting despite being ill.	反対を押して、計画を進めました。	They pressed ahead with the plan despite opposition.
n1	Nを顧みず	without regard for; disregarding consequences	Highlights neglect of a consideration, which may be courageous or imprudent depending on context.	危険を顧みず、救助に向かいました。	They went to help without regard for the danger.	家族の心配を顧みず、彼は出発しました。	He departed without regard for his family's concern.
n1	Nいかんで	depending on; according to the nature of	Highly formal expression of dependence, common in institutional decisions.	結果いかんで、方針を見直します。	We will revise the policy depending on the results.	対応いかんで、信頼を取り戻せるかが決まります。	Whether trust can be regained depends on the response.
n1	Nのいかんにかかわらず	regardless of the nature of	Formal unconditional scope over a specified criterion; frequently used in rules.	理由のいかんにかかわらず、無断欠席は認めません。	Unauthorized absence is not permitted regardless of the reason.	結果のいかんにかかわらず、報告してください。	Please report regardless of the outcome.
n1	NといいNといい	both in terms of one aspect and another	Lists representative aspects supporting a broad appraisal.	色といい形といい、理想的なかばんです。	In both colour and shape, it is an ideal bag.	味といい香りといい、すばらしいお茶です。	In both taste and aroma, it is excellent tea.
n1	NであれNであれ	whether one or the other; regardless which	Formal paired alternatives with an invariant result.	学生であれ社会人であれ、学び続けることは大切です。	Whether one is a student or a working adult, continuing to learn is important.	晴天であれ雨天であれ、式は行われます。	Whether the weather is fine or rainy, the ceremony will take place.
n1	動詞ようが／ようと	even if; no matter what one does	Volitional-form concession expresses an unchanged outcome or strong resolve.	誰が反対しようと、私は意見を変えません。	No matter who objects, I will not change my opinion.	どれほど時間がかかろうが、最後まで続けます。	No matter how long it takes, I will continue to the end.
n1	動詞んばかりに	as if about to; almost to the point of	Literary vivid description formed from a negative stem; typically exaggerates an appearance.	彼女は泣かんばかりに頼みました。	She pleaded as if she were about to cry.	犬は飛びつかんばかりに喜びました。	The dog was so delighted that it seemed ready to jump on me.
n1	普通形こととて	because; given that, formal explanation	Literary or formal reason, often used to excuse an unintentional limitation or request understanding.	不慣れなこととて、時間がかかってしまいました。	Being unfamiliar with it, I unfortunately took a long time.	急なこととて、十分な準備ができませんでした。	Because it was so sudden, we could not prepare adequately.
