level	pattern	english	note	example1	translation1	example2	translation2
1	N이에요 / N예요	be N; polite identification	Use the first form after a final consonant and the second after a vowel; do not insert a subject when context makes it unnecessary.	저는 학생이에요.	I am a student.	여기는 학교예요.	This place is a school.
1	N이/가 아니에요	not be N	The negative copula takes the subject particle on the noun being denied.	저는 의사가 아니에요.	I am not a doctor.	이것은 제 가방이 아니에요.	This is not my bag.
1	N은/는	as for N; topic or contrast	The topic particle introduces or contrasts a topic; it is not interchangeable with the subject particle in every context.	저는 서울에 살아요.	I live in Seoul.	커피는 좋아해요.	As for coffee, I like it.
1	N이/가	N as grammatical subject	Choose the consonant-final or vowel-final form; new information and identification often use this particle.	비가 와요.	It is raining.	친구가 왔어요.	A friend arrived.
1	N을/를	N as direct object	Use after an object; it may be omitted in casual conversation but retain it in early controlled practice.	책을 읽어요.	I read a book.	물을 마셔요.	I drink water.
1	N에 있다 / 없다	be / not be at N	Existence and location use this particle; actions at a place normally use the action-location particle instead.	책이 책상 위에 있어요.	The book is on the desk.	지금 집에 없어요.	I am not at home now.
1	N에서	at N; location of an action	Distinguish the place where an action occurs from a destination or location of existence.	도서관에서 공부해요.	I study at the library.	식당에서 점심을 먹어요.	I eat lunch at a restaurant.
1	N에 가다 / 오다	go / come to N	The particle marks a destination; the motion verb is chosen relative to the conversational viewpoint.	학교에 가요.	I go to school.	친구가 우리 집에 와요.	A friend comes to our house.
1	N에	at N; time of an event	Used with clock times and many calendar expressions, but not normally with today, tomorrow, or yesterday.	아홉 시에 수업이 시작해요.	Class starts at nine.	월요일에 만나요.	Let's meet on Monday.
1	N의	N's; of N	The possessive particle is often omitted in speech; humble and familiar possessive pronouns have contracted forms.	이것은 친구의 책이에요.	This is a friend's book.	학교의 이름을 알아요.	I know the name of the school.
1	N하고 / N과/와	N and; with N	The first is common in conversation; the latter pair is frequent in writing and more formal contexts.	빵하고 우유를 사요.	I buy bread and milk.	친구와 영화를 봐요.	I watch a movie with a friend.
1	N도	N too; also N	This particle often replaces the subject or object particle; other combinations depend on the particle.	저도 학생이에요.	I am a student too.	오늘도 운동해요.	I exercise today too.
1	N만	only N	Focuses on the noun; compare its scope with a negative sentence when interpreting restrictions.	물만 마셔요.	I drink only water.	친구 한 명만 왔어요.	Only one friend came.
1	N부터 N까지	from N to N; starting and ending bounds	Useful with time; place-to-place routes also use a source-location particle.	아홉 시부터 다섯 시까지 일해요.	I work from nine to five.	월요일부터 금요일까지 학교에 가요.	I go to school from Monday to Friday.
1	N에서 N까지	from N to N; route	Use for a geographic starting point and endpoint.	집에서 학교까지 걸어요.	I walk from home to school.	서울에서 부산까지 기차로 가요.	I go from Seoul to Busan by train.
1	V/A-아요 / -어요 / -해요	polite present statement or question	Vowel harmony and common contractions determine the surface form; descriptive verbs do not need an extra copula.	매일 운동해요.	I exercise every day.	오늘 날씨가 좋아요.	The weather is nice today.
1	V/A-ㅂ니다 / -습니다	formal polite statement	Choose by whether the stem ends in a vowel or consonant; stems ending in the liquid consonant need a deletion rule.	저는 한국어를 배웁니다.	I learn Korean.	이 방은 조용합니다.	This room is quiet.
1	V/A-았어요 / -었어요 / -했어요	polite past tense	The past marker attaches to the stem before the polite ending; practice irregular stems as word families.	어제 친구를 만났어요.	I met a friend yesterday.	지난주에 많이 바빴어요.	I was very busy last week.
1	V-(으)ㄹ 거예요	will; be going to; expected future	Expresses plans or predictions; avoid treating it as a mechanical equivalent of every English future.	내일 책을 읽을 거예요.	I am going to read a book tomorrow.	주말에 쉴 거예요.	I will rest on the weekend.
1	V-고 싶어요	want to V	Direct statements usually concern the speaker; ask about the listener's wishes rather than asserting another person's internal state.	한국에 가고 싶어요.	I want to go to Korea.	무엇을 먹고 싶어요?	What would you like to eat?
1	안 V/A	not V; not A	Short negation; for many action nouns with the do-verb, place the negative immediately before the do-verb.	오늘은 안 가요.	I am not going today.	이 가방은 안 비싸요.	This bag is not expensive.
1	못 V	cannot V; fail to V	Indicates inability or circumstances preventing an action, not simple unwillingness.	오늘은 못 만나요.	I cannot meet today.	저는 수영을 못 해요.	I cannot swim.
1	V-(으)세요	please V; polite directive	Also has honorific statement uses; context and intonation distinguish requests from descriptions.	여기에 앉으세요.	Please sit here.	천천히 읽으세요.	Please read slowly.
1	V-아/어 주세요	please do V for me/us	Requests a helpful action; do not confuse the auxiliary with giving a physical object.	문을 열어 주세요.	Please open the door.	다시 말해 주세요.	Please say it again.
1	V-지 마세요	please do not V	Attach the prohibition to the verb stem; this is not the ordinary negative statement form.	여기에서 사진을 찍지 마세요.	Please do not take photographs here.	너무 빨리 말하지 마세요.	Please do not speak too quickly.
1	V/A-고	and; then; linking predicates	Connects clauses without necessarily asserting a cause; tense is commonly expressed at the final predicate.	저는 책을 읽고 친구는 음악을 들어요.	I read a book, and my friend listens to music.	방이 크고 깨끗해요.	The room is big and clean.
1	V/A-지만	but; although	Signals contrast between two clauses; it can attach after a tense marker.	비싸지만 좋아요.	It is expensive, but it is good.	어제는 바빴지만 오늘은 괜찮아요.	I was busy yesterday, but today is fine.
1	V/A-아/어서	because; so	At this stage teach ordinary explanations; avoid following the causal use with a command or suggestion.	피곤해서 일찍 자요.	I go to bed early because I am tired.	비가 와서 집에 있어요.	I am at home because it is raining.
1	V-(으)러 가다 / 오다	go / come in order to V	The first predicate states the purpose of a motion verb; it is not a general-purpose replacement for all purpose clauses.	책을 사러 가요.	I am going to buy a book.	친구가 밥을 먹으러 왔어요.	A friend came to eat.
1	V-(으)ㄹ까요?	shall we V?; shall I V?	A tentative proposal or offer; predictive question uses are introduced later.	같이 점심을 먹을까요?	Shall we have lunch together?	제가 문을 닫을까요?	Shall I close the door?
1	V-ㅂ시다 / -읍시다	let's V; formal proposal	Do not assume this ending is deferential enough for every request to a superior; a question may be more appropriate.	같이 공부합시다.	Let's study together.	여기에서 조금 쉽시다.	Let's rest here for a little while.
1	V-(으)ㄹ 수 있다 / 없다	can / cannot V	Expresses ability or possibility; the bound noun is written separately.	한국어를 읽을 수 있어요.	I can read Korean.	오늘은 갈 수 없어요.	I cannot go today.
1	V-고 있다	be V-ing; ongoing activity	Teach ongoing action first; resultant-state uses depend on the verb and are introduced later.	지금 책을 읽고 있어요.	I am reading a book now.	친구를 기다리고 있어요.	I am waiting for a friend.
1	A-(으)ㄴ N	N that is A; descriptive noun modifier	Descriptive predicates directly modify nouns; the existential adjective family has a different modifier form.	작은 가방을 샀어요.	I bought a small bag.	좋은 친구가 있어요.	I have a good friend.
1	수량 + 단위 명사	number plus counter	Use native or Sino-Korean numbers according to the counter; native one through four contract before counters.	사과 두 개를 주세요.	Please give me two apples.	학생 세 명이 왔어요.	Three students came.
1	V/A-(으)시-	subject honorific marker	Honors the subject, not the listener; some common predicates use a special honorific word instead.	선생님이 책을 읽으세요.	The teacher is reading a book.	할머니가 오셨어요.	Grandmother came.
2	V-아/어도 되다	may V; be allowed to V	Use a question to request permission; descriptive predicates are possible but not the central classroom use.	여기에 앉아도 돼요?	May I sit here?	오늘은 일찍 가도 돼요.	You may leave early today.
2	V-(으)면 안 되다	must not V; V is not allowed	A conditional plus negative permission construction; it usually expresses a rule or warning.	여기에 주차하면 안 돼요.	You must not park here.	시험 중에 이야기하면 안 돼요.	You must not talk during the test.
2	V-아/어야 하다 / 되다	must; have to V	Expresses necessity; the second auxiliary is frequent in conversation.	내일까지 숙제를 해야 해요.	I have to do the homework by tomorrow.	병원에 가야 돼요.	I need to go to the hospital.
2	V-아/어 보다	try V; experience doing V	In a request it invites a trial; past tense often describes experience.	이 옷을 입어 보세요.	Try on these clothes.	김치를 만들어 봤어요.	I have tried making kimchi.
2	V-(으)ㄴ 후에	after V	Use a completed-action modifier before the bound temporal noun.	밥을 먹은 후에 약을 드세요.	Take the medicine after eating.	수업이 끝난 후에 만나요.	Let's meet after class finishes.
2	V-기 전에	before V	The first verb is nominalized without a past marker even when the overall sentence describes the past.	자기 전에 이를 닦아요.	I brush my teeth before sleeping.	한국에 오기 전에 한국어를 배웠어요.	I learned Korean before coming to Korea.
2	V-(으)면서	while V; simultaneous actions	The ordinary simultaneous-action use normally has the same subject in both clauses.	음악을 들으면서 요리해요.	I cook while listening to music.	걸으면서 이야기했어요.	We talked while walking.
2	V/A-(으)면	if; when	A neutral condition; some contexts describe recurring events rather than hypothetical situations.	시간이 있으면 전화해 주세요.	If you have time, please call me.	봄이 오면 꽃이 피어요.	When spring comes, flowers bloom.
2	V/A-았/었으면 좋겠다	I wish; it would be good if	Uses a past-shaped form for a wish that need not refer to past time.	내일 날씨가 좋았으면 좋겠어요.	I hope the weather is nice tomorrow.	한국어를 더 잘했으면 좋겠어요.	I wish I spoke Korean better.
2	V-(으)려고 하다	intend / plan to V	Expresses intention or a developing situation; introduce first-person plans first.	방학에 여행하려고 해요.	I plan to travel during the vacation.	오늘은 일찍 자려고 해요.	I intend to go to bed early today.
2	V/A-(으)니까	because; since	Unlike the basic causal ending, it can readily support a command or suggestion.	추우니까 창문을 닫으세요.	Since it is cold, please close the window.	시간이 있으니까 걸어갈까요?	Since we have time, shall we walk there?
2	N 때문에 / V/A-기 때문에	because of N; because V/A	A relatively explicit causal expression; do not imply that every occurrence has a negative result.	비 때문에 길이 막혀요.	The roads are congested because of the rain.	내일 시험이 있기 때문에 공부해야 해요.	I have to study because there is a test tomorrow.
2	V-는 N	N that does / is doing V	The present action modifier differs from the descriptive-verb modifier.	저기 가는 사람이 제 친구예요.	The person going over there is my friend.	제가 읽는 책은 재미있어요.	The book I am reading is interesting.
2	V-(으)ㄴ N	N that did / has done V	This action-verb modifier marks completed action; context determines whether English uses past or present perfect.	어제 만난 친구에게 전화했어요.	I called the friend I met yesterday.	제가 만든 음식을 먹어 보세요.	Try the food I made.
2	V-(으)ㄹ N	N that will be / is to be V	Marks prospective, intended, or possible action rather than only chronological future.	내일 입을 옷을 골랐어요.	I chose the clothes I will wear tomorrow.	읽을 책이 많아요.	I have many books to read.
2	V-는 것	the act / fact of V-ing	Nominalizes a clause; distinguish grammatical nominalization from a concrete thing described by a relative clause.	저는 걷는 것을 좋아해요.	I like walking.	한국어로 말하는 것이 재미있어요.	Speaking in Korean is fun.
2	V-기	V-ing; nominalized action	Often appears in activity labels and fixed evaluative constructions.	이 의자는 앉기 편해요.	This chair is comfortable to sit on.	일찍 일어나기가 어려워요.	Getting up early is difficult.
2	N보다 더	more than N; comparative	Places the comparison standard before the particle; the degree word may be omitted.	오늘은 어제보다 더 추워요.	Today is colder than yesterday.	기차가 버스보다 빨라요.	The train is faster than the bus.
2	N 중에서 가장/제일	the most among N	Use a comparison set and a superlative degree word; do not mechanically duplicate English articles.	과일 중에서 사과를 가장 좋아해요.	Among fruits, I like apples the most.	우리 반에서 민수가 제일 커요.	Minsu is the tallest in our class.
2	N(으)로	by means of; toward; made of N	Use the vowel form after a vowel or the liquid final consonant; the sense depends on context.	버스로 학교에 가요.	I go to school by bus.	종이로 상자를 만들었어요.	I made a box out of paper.
2	N에게/한테; N께	to N; recipient; honorific recipient	The first two are ordinary recipient forms; the honorific form respects the recipient, not necessarily the subject.	친구에게 편지를 보냈어요.	I sent a letter to a friend.	선생님께 질문을 드렸어요.	I asked the teacher a question.
2	V-아/어 주다 / 드리다	do V for someone; humble benefactive	Use the humble auxiliary when the beneficiary is someone being honored; it does not honor the actor.	친구가 숙제를 도와줬어요.	A friend helped me with my homework.	할머니께 문을 열어 드렸어요.	I opened the door for Grandmother.
2	N밖에 + 부정	nothing but N; only N with negation	Requires a negative predicate; scope differs from simply attaching the ordinary only-particle.	돈이 천 원밖에 없어요.	I have only one thousand won.	어제 세 시간밖에 못 잤어요.	I slept only three hours yesterday.
2	N마다	every N; each N	Distributes an event or property over members of a set or intervals.	주말마다 운동해요.	I exercise every weekend.	나라마다 음식이 달라요.	Food differs from country to country.
2	N(이)나 / V-거나	N or N; V or V	Choose noun or predicate coordination; the noun particle also has quantity and fallback senses taught later.	차나 커피를 마셔요.	I drink tea or coffee.	주말에는 책을 읽거나 영화를 봐요.	On weekends I read books or watch movies.
2	V/A-지요? / -죠?	isn't it?; shared-knowledge check	Can confirm shared knowledge or soften a statement; do not use as a universal English question-tag replacement.	오늘 춥지요?	It is cold today, isn't it?	내일도 오지요?	You are coming tomorrow too, right?
2	V/A-네요	oh; I notice that V/A	Expresses a newly noticed impression; distinguish surprise from a request for agreement.	이 꽃이 예쁘네요.	Oh, this flower is pretty.	한국어를 잘하시네요.	You speak Korean well, I see.
2	V/A-겠어요	intention; guess; willingness	The modal depends on context; fixed polite expressions should be learned as complete social acts.	제가 먼저 하겠어요.	I will do it first.	많이 피곤하시겠어요.	You must be very tired.
2	V-기로 하다	decide / agree to V	Describes a decision or arrangement rather than merely a desire.	친구와 같이 공부하기로 했어요.	I agreed to study with a friend.	이번 달부터 운동하기로 했어요.	I decided to start exercising this month.
2	A-아/어지다	become A; change of state	With descriptive stems, presents a change rather than a static property; passive uses require separate attention.	날씨가 따뜻해졌어요.	The weather has become warm.	한국어가 조금 쉬워졌어요.	Korean has become a little easier.
2	V-게 되다	come to V; end up V-ing	Highlights a change in circumstances rather than a straightforward intentional act.	다음 달부터 서울에서 일하게 됐어요.	I have come to work in Seoul starting next month.	친구 덕분에 이 노래를 알게 됐어요.	Thanks to a friend, I came to know this song.
2	V-고 나서	after finishing V	Emphasizes completion before the next activity.	숙제를 하고 나서 쉬었어요.	I rested after finishing my homework.	손을 씻고 나서 밥을 먹어요.	I eat after washing my hands.
2	V/A-는/은/ㄴ데	background; contrast; opening a turn	Action verbs take the present action form, descriptive verbs the descriptive form; existential predicates are a special family.	지금 공부하는데 조금 조용히 해 주세요.	I am studying now, so please be a little quiet.	이 가방은 예쁜데 너무 비싸요.	This bag is pretty, but it is too expensive.
2	V/A-(으)ㄴ/는 것 같다	it seems; I think	Select the modifier for predicate type and time; use it to mark an inference, not as empty filler.	밖에 비가 오는 것 같아요.	It seems to be raining outside.	이 신발은 조금 작은 것 같아요.	I think these shoes are a little small.
2	V-지 못하다	cannot; fail to V	Long-form inability combines with verb stems and can carry tense at the final auxiliary.	너무 바빠서 쉬지 못했어요.	I could not rest because I was too busy.	글씨가 작아서 읽지 못해요.	I cannot read it because the print is small.
2	V/A-지 않다	not V; not A	Long-form negation is useful in careful speech and writing; apply tense to the final auxiliary.	저는 고기를 먹지 않아요.	I do not eat meat.	이 문제는 어렵지 않아요.	This problem is not difficult.
3	V-ㄴ/는다고 하다	report that V; indirect declarative quotation	Action-verb present quotation uses its declarative modifier; descriptive verbs and nouns use different quoted endings.	친구가 내일 온다고 했어요.	My friend said that they are coming tomorrow.	동생은 매일 운동한다고 해요.	My younger sibling says they exercise every day.
3	A-다고 하다 / N(이)라고 하다	report that something is A / N	Keep predicate-type distinctions rather than applying the action-verb quotation form to every predicate.	이 식당이 맛있다고 들었어요.	I heard that this restaurant serves good food.	그분은 의사라고 해요.	They say that person is a doctor.
3	V/A-냐고 하다	report a question	Quotation reports the content of a question, not its original politeness ending; longer question forms also occur.	친구가 어디에 가냐고 물었어요.	My friend asked where I was going.	선생님이 문제가 어렵냐고 물으셨어요.	The teacher asked whether the problem was difficult.
3	V-(으)라고 하다	tell someone to V; reported directive	Use the command quotation form, and identify who gave the instruction and who must act.	의사가 푹 쉬라고 했어요.	The doctor told me to rest well.	선생님이 내일까지 읽으라고 하셨어요.	The teacher told us to read it by tomorrow.
3	V-자고 하다	suggest that we V; reported proposal	Reports an invitation or joint-action suggestion; it is not a direct command.	친구가 같이 영화를 보자고 했어요.	My friend suggested watching a movie together.	동료가 점심을 일찍 먹자고 했어요.	A colleague suggested having lunch early.
3	V-아/어야겠다	I should / will have to V	Usually conveys the speaker's newly formed judgment or resolve.	몸이 아파서 쉬어야겠어요.	I feel ill, so I should rest.	시간이 없으니 택시를 타야겠어요.	There is no time, so I will have to take a taxi.
3	V-(으)ㄴ 적이 있다 / 없다	have / have never V-ed	Describes experience on at least one occasion rather than the duration of an ongoing activity.	한국에서 살아 본 적이 있어요.	I have lived in Korea before.	그 사람을 만난 적이 없어요.	I have never met that person.
3	V-아/어 버리다	do completely; end up doing irreversibly	Completion often carries relief, regret, or surprise; the emotional evaluation comes from context.	중요한 파일을 지워 버렸어요.	I ended up deleting the important file.	밀린 숙제를 다 해 버렸어요.	I finished all the homework that had piled up.
3	V-아/어 놓다	do and leave in the resulting state	Often used for preparation; some verbs use a more natural lexical expression instead.	내일 입을 옷을 꺼내 놓았어요.	I took out the clothes for tomorrow and left them ready.	환기를 하려고 창문을 열어 놓았어요.	I left the window open to air the room.
3	V-아/어 두다	do in advance and keep the result	Overlaps with leaving a result in place but especially highlights preparation or preserving a useful state.	주소를 메모해 두었어요.	I wrote down the address for later.	여행 전에 표를 예약해 두세요.	Reserve the tickets before the trip.
3	V-는 동안	while; during the time V	Can describe simultaneous events with different subjects; nouns combine directly with the duration noun.	제가 요리하는 동안 동생은 청소했어요.	While I cooked, my younger sibling cleaned.	버스를 기다리는 동안 책을 읽었어요.	I read a book while waiting for the bus.
3	V-다가	while V-ing, then; interrupted change	Typically switches from an ongoing action to another event; the first action is not necessarily completed.	공부하다가 잠이 들었어요.	I fell asleep while studying.	집에 가다가 친구를 만났어요.	I met a friend while going home.
3	V-았/었다가	did V and then reversed / changed course	Marks completion before a contrasting or reversing subsequent action.	창문을 열었다가 추워서 닫았어요.	I opened the window, then closed it because it was cold.	가게에 갔다가 집으로 돌아왔어요.	I went to the store and then returned home.
3	V-자마자	as soon as V	Shows immediate succession; ordinarily the first clause does not take a separate past marker.	집에 오자마자 샤워했어요.	I showered as soon as I got home.	수업이 끝나자마자 도서관에 갈 거예요.	I will go to the library as soon as class ends.
3	V/A-아/어도	even if; although	A concessive relation where the second clause holds despite the first.	비가 와도 갈 거예요.	I will go even if it rains.	조금 비싸도 이 제품을 사고 싶어요.	I want to buy this product even if it is a little expensive.
3	V/A-(으)ㄹ 때	when; at the time of	Can describe repeated, current, or future situations; completed-time contexts may require a past marker.	시간이 있을 때 책을 읽어요.	I read when I have time.	어렸을 때 시골에 살았어요.	I lived in the countryside when I was young.
3	V-(으)ㄴ 지	duration since V	Refers to elapsed time since an event; write the bound noun separately.	한국에 온 지 일 년이 됐어요.	It has been a year since I came to Korea.	점심을 먹은 지 두 시간 됐어요.	It has been two hours since I ate lunch.
3	V-느라고	because of doing V; negative consequence	Usually action verbs with the same subject, and an unwanted result; avoid commands in the result clause.	숙제를 하느라고 잠을 못 잤어요.	I could not sleep because I was doing homework.	전화를 받느라고 설명을 못 들었어요.	I missed the explanation because I was answering the phone.
3	V/A-(으)ㄴ/는 덕분에	thanks to V/A; beneficial cause	Normally introduces a favorable result; ironic negative use requires clear context.	친구가 도와준 덕분에 일을 끝냈어요.	Thanks to my friend's help, I finished the work.	교통이 편리한 덕분에 출퇴근이 쉬워요.	Commuting is easy thanks to convenient transportation.
3	V/A-(으)ㄴ/는 탓에	because of; owing to an unfavorable cause	Typically assigns an undesirable consequence to a cause; use carefully when blaming people.	늦게 출발한 탓에 기차를 놓쳤어요.	I missed the train because I left late.	길이 미끄러운 탓에 차가 천천히 가요.	Cars are moving slowly because the road is slippery.
3	V/A-나 보다 / -(으)ㄴ가 보다	it appears; apparently	Inference from evidence; descriptive predicates commonly use the latter form.	밖에서 우산을 쓰네요. 비가 오나 봐요.	People outside are using umbrellas. It must be raining.	표가 다 팔린 걸 보니 인기가 많은가 봐요.	Seeing that the tickets sold out, it must be popular.
3	V/A-(으)ㄹ지도 모르다	might; may possibly	Marks uncertainty; avoid presenting the proposition as confirmed information.	내일 비가 올지도 몰라요.	It might rain tomorrow.	그 소문은 사실이 아닐지도 몰라요.	That rumor might not be true.
3	V-(으)ㄹ 뻔하다	almost V; nearly V-ed	Usually past form for an event that nearly happened but did not.	계단에서 넘어질 뻔했어요.	I almost fell on the stairs.	늦잠을 자서 비행기를 놓칠 뻔했어요.	I almost missed the flight because I overslept.
3	V-(으)ㄹ 줄 알다 / 모르다	know / not know how to V	Skill and method use differs from the belief or expectation sense of this same construction.	자전거를 탈 줄 알아요.	I know how to ride a bicycle.	이 기계를 사용할 줄 몰라요.	I do not know how to use this machine.
3	V-게 하다	make / let someone V	A periphrastic causative; permission versus compulsion depends on context and the participants.	선생님이 학생들에게 글을 읽게 했어요.	The teacher had the students read the text.	아이들이 밖에서 놀게 했어요.	I let the children play outside.
3	V-이/히/리/기-	be V-ed; lexical passive	Passive suffix choice is lexical and must be learned with the verb; not every verb permits a suffix passive.	문이 열렸어요.	The door opened.	멀리서 음악이 들려요.	Music can be heard from far away.
3	V-아/어 있다	be in a resulting state	Typically combines with suitable intransitive or passive predicates; contrast ongoing-action progressives.	문이 열려 있어요.	The door is open.	학생들이 의자에 앉아 있어요.	The students are seated on chairs.
3	A-게	in an A way; adverbial manner	Converts a descriptive predicate into an adverbial; fixed lexical adverbs may be more idiomatic for some stems.	글씨를 크게 써 주세요.	Please write the letters large.	방을 깨끗하게 청소했어요.	I cleaned the room thoroughly.
3	V/A-(으)ㄴ/는 편이다	tend to; be relatively A	Offers a measured characterization rather than an absolute claim.	저는 일찍 자는 편이에요.	I tend to go to bed early.	이 동네는 조용한 편이에요.	This neighborhood is relatively quiet.
3	V-(으)려고	in order to; intending to	Provides a purpose clause with a volitional action; the agent normally controls the intended action.	운동하려고 공원에 갔어요.	I went to the park to exercise.	한국어를 배우려고 이 수업을 신청했어요.	I enrolled in this class to learn Korean.
3	V-(으)ㄹ 테니까	I will / I expect, so	Combines intention or confident expectation with a reason for the following request or judgment.	제가 요리할 테니까 설거지를 해 주세요.	I will cook, so please wash the dishes.	길이 막힐 테니까 일찍 출발합시다.	The roads will probably be congested, so let's leave early.
3	V/A-(으)ㄹ 텐데	probably; would be; background expectation	Can supply a concerned expectation or background; it need not always be translated as a direct contrast.	많이 피곤할 텐데 좀 쉬세요.	You must be tired, so get some rest.	지금쯤 집에 도착했을 텐데 연락이 없어요.	They should have arrived home by now, but there has been no message.
3	N에 대해 / N에 대한	about N; concerning N	Use the adverbial form before a predicate and the modifier form before a noun.	한국 문화에 대해 발표했어요.	I gave a presentation about Korean culture.	환경에 대한 책을 읽고 있어요.	I am reading a book about the environment.
3	N에 따라	depending on N; according to N	Can mark variation by a condition or compliance with a rule; distinguish the two uses from context.	날씨에 따라 계획을 바꿀 거예요.	We will change the plan depending on the weather.	설명서에 따라 기계를 설치했어요.	I installed the machine according to the instructions.
3	N뿐만 아니라	not only N but also	The noun construction is introduced first; clauses use a modifier plus the bound noun.	이곳은 학생뿐만 아니라 직장인도 많이 와요.	Not only students but also many office workers come here.	그 사람은 영어뿐만 아니라 한국어도 잘해요.	That person is good at Korean as well as English.
3	V/A-잖아요	you know; as we both know	Invokes shared or supposedly shared knowledge; it can sound reproachful and should not be overused with strangers.	오늘은 일요일이잖아요.	Today is Sunday, as you know.	아까 제가 말씀드렸잖아요.	I told you earlier, remember.
4	V/A-더라고요	I noticed / experienced that	Reports a personal observation or discovery; restrictions on reporting one's own deliberate action require attention.	직접 가 보니 사람이 많더라고요.	When I went there myself, I found there were many people.	새로 나온 책이 생각보다 어렵더라고요.	I found the new book harder than expected.
4	V/A-던 N	N that used to / was V/A	Retrospective modifier often suggests ongoing, repeated, or uncompleted past experience; contrast the completed-past modifier.	예전에 자주 가던 카페가 문을 닫았어요.	The cafe I used to visit often has closed.	제가 읽던 책을 어디에 두었어요?	Where did you put the book I was reading?
4	V/A-았/었던 N	N that had been / had V-ed	Usually looks back on a completed or bounded past situation; context can overlap with the simpler retrospective form.	작년에 살았던 집을 다시 찾았어요.	I revisited the house where I lived last year.	한때 조용했던 동네가 많이 변했어요.	The neighborhood that was once quiet has changed a lot.
4	V/A-더니	I observed X, and then Y; contrasting observation	Normally links a remembered observation to a subsequent result or contrast; do not freely narrate one's own intentional action with it.	아침에는 춥더니 오후에는 따뜻해졌어요.	It was cold in the morning, but it became warm in the afternoon.	동생이 열심히 공부하더니 시험에 합격했어요.	My younger sibling studied hard and then passed the exam.
4	V-았/었더니	when I did V, I found / got	Usually relates the speaker's completed action to a discovered result or response.	약을 먹었더니 좀 나아졌어요.	After I took the medicine, I felt a little better.	문을 열었더니 고양이가 들어왔어요.	When I opened the door, a cat came in.
4	V-다 보니	as I kept V-ing, I came to	An ongoing or repeated activity leads to a realization or outcome that was not the initial focus.	매일 읽다 보니 속도가 빨라졌어요.	As I read every day, my reading speed increased.	친구와 이야기하다 보니 시간이 많이 지났어요.	As I talked with a friend, a lot of time passed.
4	V-다 보면	if one keeps V-ing, eventually	Presents an expected result of continued action, unlike a retrospective result already reached.	꾸준히 연습하다 보면 익숙해질 거예요.	If you keep practicing, you will get used to it.	여러 사람을 만나다 보면 생각이 달라질 수 있어요.	Meeting many people over time can change your views.
4	V/A-(으)ㄹ수록	the more V/A, the more	The degree or continuation of the first condition covaries with the second.	알면 알수록 재미있어요.	The more I learn, the more interesting it is.	날씨가 추울수록 손님이 줄어요.	The colder the weather, the fewer customers there are.
4	V/A-(으)ㄴ/는 반면에	whereas; on the other hand	Contrasts two properties or situations, often within an analytical comparison.	이 집은 넓은 반면에 교통이 불편해요.	This home is spacious, whereas transportation is inconvenient.	형은 운동을 좋아하는 반면에 저는 독서를 좋아해요.	My older brother likes sports, whereas I like reading.
4	V/A-(으)ㄴ/는 대신에	instead of; in return for	Can express substitution or compensation; the intended relation must be made clear.	택시를 타는 대신에 걸어갔어요.	I walked instead of taking a taxi.	방이 작은 대신에 월세가 싸요.	The room is small, but the rent is low in compensation.
4	V/A-(으)ㄴ/는 데다가	on top of; in addition to	Adds a further factor pointing in the same evaluative direction.	이 식당은 맛있는 데다가 가격도 싸요.	This restaurant's food is tasty, and the prices are low as well.	길이 막히는 데다가 비까지 와요.	The roads are congested, and it is raining on top of that.
4	V/A-기는 하지만	it is true that, but	Concedes the first proposition before qualifying it; the nominalizer attaches before tense on the final predicate.	편리하기는 하지만 비용이 많이 들어요.	It is convenient, but it costs a lot.	가기는 했지만 오래 머물지는 않았어요.	I did go, but I did not stay long.
4	V/A-더라도	even if; even granting that	Often introduces a stronger hypothetical concession than a simple concessive connective.	실패하더라도 다시 도전하겠어요.	Even if I fail, I will try again.	아무리 바쁘더라도 약속은 지켜야 해요.	However busy you are, you should keep your promises.
4	V/A-(으)ㄹ 뿐이다	merely; do nothing but	Limits the assertion without the necessarily negative predicate required by the negative-only particle.	저는 사실을 말했을 뿐이에요.	I merely stated the facts.	그저 조금 피곤할 뿐이에요.	I am just a little tired.
4	V-(으)ㄹ 뿐만 아니라	not only V but also	Extends additive comparison to clauses; tense and modifier choice depend on the intended time.	그는 노래를 잘할 뿐만 아니라 춤도 잘 춰요.	He not only sings well but also dances well.	이 제도는 비용을 줄일 뿐만 아니라 시간도 절약해요.	This system not only reduces costs but also saves time.
4	V-(으)ㄴ 채로	while remaining in the state of V	Marks a maintained state during another action, not two independent ongoing actions.	불을 켠 채로 잠이 들었어요.	I fell asleep with the light on.	신발을 신은 채로 들어오지 마세요.	Please do not come in with your shoes on.
4	V-는 바람에	because of an unexpected event; unfortunate result	Typically describes an unplanned event causing an undesirable outcome.	버스가 늦게 오는 바람에 지각했어요.	I was late because the bus unexpectedly arrived late.	컴퓨터가 고장 나는 바람에 일을 못 끝냈어요.	I could not finish the work because the computer broke down.
4	V/A-(으)ㄴ/는 만큼	to the extent that; in proportion to; given that	The degree comparison and causal interpretation depend on context.	연습한 만큼 실력이 늘어요.	Your skill improves in proportion to how much you practice.	중요한 일인 만큼 신중하게 결정해야 해요.	Since this is an important matter, we must decide carefully.
4	V/A-(으)ㄴ/는 척하다	pretend to V / be A	Presents an outward display that differs from reality; modifiers follow predicate type.	모르는 척하지 마세요.	Do not pretend not to know.	괜찮은 척했지만 사실은 걱정됐어요.	I pretended to be fine, but I was actually worried.
4	V/A-(으)ㄴ/는 셈이다	it amounts to; effectively	A calculation or interpretive conclusion rather than literal identity.	이 돈이면 한 달을 공짜로 쓰는 셈이에요.	At this price, it amounts to using it for one month free.	이미 절반은 끝난 셈이에요.	In effect, half is already finished.
4	V-(으)ㄹ 겸	also with the purpose of; killing two birds	Names one of multiple compatible purposes; a repeated construction can make both purposes explicit.	운동도 할 겸 걸어서 출근해요.	I walk to work partly to get some exercise.	책도 살 겸 친구도 만날 겸 시내에 갔어요.	I went downtown both to buy books and to meet a friend.
4	V-(으)려다가	intended to V, but then	Contrasts an intention with a subsequent change before or during execution.	버스를 타려다가 지하철을 탔어요.	I was going to take the bus but took the subway instead.	전화하려다가 늦은 시간이라 그만두었어요.	I was about to call but decided not to because it was late.
4	V-(으)려면	if you intend / want to V	Specifies a prerequisite for an intended result or action.	이 일을 끝내려면 시간이 더 필요해요.	To finish this work, we need more time.	건강해지려면 꾸준히 운동해야 해요.	If you want to become healthy, you need to exercise regularly.
4	V/A-(으)ㄹ까 봐	for fear that; worried that	Motivates precautions through an uncertain feared outcome.	늦을까 봐 일찍 출발했어요.	I left early because I was afraid I might be late.	잊어버릴까 봐 메모했어요.	I made a note because I was afraid I might forget.
4	V/A-(으)ㄹ 리가 없다	there is no way; cannot possibly	Expresses the speaker's strong inference, not independently verified proof.	그 사람이 약속을 잊을 리가 없어요.	There is no way that person would forget the appointment.	이렇게 싼데 정품일 리가 없어요.	It is so cheap that it cannot possibly be genuine.
4	V/A-(으)ㄹ 수도 있다	it is possible that; could	Recognizes one possible outcome among alternatives; scope differs from simple ability.	계획이 바뀔 수도 있어요.	The plan could change.	같은 말도 다르게 들릴 수 있어요.	The same words can sound different.
4	V/A-거든요	you see; because; explanatory background	Often supplies information the listener may not know; repeated use can sound defensive.	오늘은 일찍 가야 해요. 가족 약속이 있거든요.	I need to leave early today. You see, I have a family appointment.	이 길로 가세요. 그쪽은 공사 중이거든요.	Take this road. The other way is under construction.
4	V/A-거든	if; when that happens	Conditional connective, distinct from the explanatory sentence ending; often followed by a request or suggestion.	시간이 나거든 연락해 주세요.	If you have time, please contact me.	그 책을 다 읽거든 저에게 빌려주세요.	When you finish that book, please lend it to me.
4	V/A-다고 해서	just because; on the grounds that	With a negative conclusion, rejects an overgeneralization based on the quoted proposition.	비싸다고 해서 다 좋은 것은 아니에요.	Just because something is expensive does not mean it is good.	쉽다고 해서 준비를 안 하면 안 돼요.	You should not skip preparation just because it is easy.
4	V/A-다고 하던데	I heard that; reported background	Introduces remembered hearsay and often invites a response; distinguish personal evidence from quoted information.	그 영화가 재미있다고 하던데 같이 볼까요?	I heard that movie is interesting; shall we watch it together?	내일 비가 온다고 하던데 우산을 챙기세요.	I heard it will rain tomorrow, so take an umbrella.
4	V-도록	so that; until; to an extent	Teach purpose or enabled outcome here; do not force every occurrence into a command meaning.	모두 들을 수 있도록 크게 말해 주세요.	Please speak loudly so everyone can hear.	늦지 않도록 서두르세요.	Hurry so that you are not late.
4	V-도록 하다	make sure to; arrange for V	Common in instructions and self-commitments; strength depends on speaker roles and context.	내일까지 제출하도록 하세요.	Make sure to submit it by tomorrow.	앞으로 시간을 잘 지키도록 하겠습니다.	I will make sure to be punctual from now on.
4	V-느냐에 따라	depending on whether / how one V	Embeds an indirect question before the variation construction; preserve the question's semantic focus.	어떻게 설명하느냐에 따라 반응이 달라져요.	The response varies depending on how you explain it.	어디에서 사느냐에 따라 가격이 달라요.	The price differs depending on where you buy it.
4	N에 비해	compared with N	Compares against a standard; unlike the ordinary comparative particle, it is especially useful in expository prose.	작년에 비해 방문객이 늘었어요.	The number of visitors increased compared with last year.	가격에 비해 품질이 좋아요.	The quality is good relative to the price.
4	N에 따르면	according to N; cited information	Names the source of a claim; the tutor must not invent real studies or statistics to fill this pattern.	안내문에 따르면 신청은 오늘까지예요.	According to the notice, applications close today.	일기 예보에 따르면 내일은 맑겠어요.	According to the weather forecast, it will be clear tomorrow.
4	V/A-(으)ㅁ	written nominalization; the fact of	Used in labels, concise records, and formal prose; not a replacement for every spoken nominalization.	신청이 마감되었음을 알려 드립니다.	We inform you that applications have closed.	약속을 지키지 못했음을 사과드립니다.	I apologize for failing to keep my promise.
5	V/A-(으)ㄹ 수밖에 없다	have no choice but to; necessarily	Expresses necessity from circumstances rather than a mere rule or preference.	자료가 부족해서 판단을 미룰 수밖에 없습니다.	We have no choice but to postpone judgment because the data are insufficient.	비용이 오르면 가격도 오를 수밖에 없어요.	If costs rise, prices inevitably have to rise too.
5	V/A-기 마련이다	it is natural / expected that	Presents a general tendency; avoid turning a stereotype into a supposedly universal rule.	처음에는 누구나 실수하기 마련이에요.	Everyone naturally makes mistakes at first.	준비가 부족하면 문제가 생기기 마련입니다.	Problems are likely to arise when preparation is insufficient.
5	V/A-기 나름이다	depend on how one V	Highlights a controllable or varying factor that changes the result.	결과는 준비하기 나름이에요.	The outcome depends on how you prepare.	같은 말도 받아들이기 나름입니다.	The same words can differ in meaning depending on how they are received.
5	V/A-(으)ㄴ/는 법이다	it is generally the case; a principle	States a general principle, often with a didactic tone; distinguish from practical knowledge of how to do something.	경험이 쌓이면 시야가 넓어지는 법이에요.	As experience accumulates, one's perspective generally broadens.	사람은 누구나 변하는 법입니다.	It is the nature of people to change.
5	V/A-(으)ㄹ 만하다	be worth V-ing; be reasonably A	The action evaluation and tolerability readings must be distinguished from ability.	이 보고서는 읽어 볼 만합니다.	This report is worth reading.	이 정도 소음은 참을 만해요.	This amount of noise is tolerable.
5	V/A-(으)ㄹ 정도로	to the extent that; enough to	Specifies degree by a result or benchmark, sometimes rhetorically rather than literally.	목소리가 떨릴 정도로 긴장했어요.	I was so nervous that my voice shook.	누구나 이해할 정도로 쉽게 설명했습니다.	I explained it simply enough for anyone to understand.
5	V/A-다시피	as you can see / know; virtually	The basic connective points to an accessible fact; the auxiliary construction can mean practically or almost.	보시다시피 모든 좌석이 찼습니다.	As you can see, all the seats are occupied.	알다시피 이 문제는 단순하지 않아요.	As you know, this issue is not simple.
5	V-다시피 하다	practically V; almost do V	An approximate characterization, not an exact identity or a literal report of another person's speech.	마감 때문에 밤을 새우다시피 했어요.	I practically stayed up all night because of the deadline.	그 소식을 듣고 뛰다시피 걸어왔어요.	After hearing the news, I walked here almost at a run.
5	V-고 말다	end up V-ing; regrettably / finally V	Marks an eventual outcome often contrary to hopes; emotional force varies with context.	끝까지 참으려 했지만 울고 말았어요.	I tried to hold back until the end, but I ended up crying.	결국 계획을 취소하고 말았습니다.	In the end, we had to cancel the plan.
5	V-아/어 내다	manage to V; bring V to completion	Emphasizes overcoming difficulty and achieving a result.	긴 협상 끝에 합의를 이끌어 냈습니다.	After lengthy negotiations, we managed to reach an agreement.	혼자서 어려운 일을 해냈어요.	I managed to do the difficult work on my own.
5	V-고자 하다	intend to; seek to V	Formal statement of purpose; appropriate for proposals and presentations rather than ordinary casual chat.	이번 연구에서는 원인을 밝히고자 합니다.	In this study, we seek to identify the cause.	지역 주민의 의견을 듣고자 합니다.	We would like to hear the opinions of local residents.
5	V/A-(으)므로	because; since; formal reason	A written causal connective, not the instrumental particle; select predicate inflection appropriately.	안전이 중요하므로 규정을 지켜야 합니다.	Since safety is important, the rules must be followed.	신청자가 많으므로 접수를 일찍 마감합니다.	Because there are many applicants, registration closes early.
5	V-(으)ㅁ으로써	by doing V; through V	A nominalized action plus means marker, distinct from the similar-looking causal connective.	자료를 공개함으로써 신뢰를 높일 수 있습니다.	Trust can be increased by disclosing the data.	함께 토론함으로써 새로운 해결책을 찾았습니다.	We found a new solution by discussing it together.
5	V-는 데 있어(서)	in V-ing; when it comes to V	Frames an area of relevance; avoid repetitive use when a simpler expression is clearer.	언어를 배우는 데 있어서 꾸준함이 중요합니다.	Consistency is important in learning a language.	정책을 평가하는 데 있어 자료의 질이 핵심입니다.	Data quality is central to evaluating policy.
5	V/A-(으)ㄴ/는 이상	now that; given that	A premise creates an obligation or logical consequence; distinguish this from the noun meaning above or more.	약속한 이상 책임을 져야 합니다.	Now that you have promised, you must take responsibility.	문제가 확인된 이상 조치가 필요합니다.	Given that the problem has been confirmed, action is necessary.
5	V/A-(으)ㄴ/는 한	as long as; insofar as	Limits the claim to the stated condition or scope.	규칙을 지키는 한 누구나 참여할 수 있습니다.	Anyone may participate as long as they follow the rules.	제가 아는 한 그 소문은 사실이 아닙니다.	As far as I know, that rumor is not true.
5	V/A-(으)ㄴ/는 한편	on the one hand; meanwhile	Useful for parallel actions or contrasting aspects in expository writing.	시설을 확충하는 한편 직원 교육도 강화했습니다.	We expanded the facilities while also strengthening staff training.	편리한 한편 개인정보 보호 문제가 생길 수 있어요.	It is convenient, but privacy issues can arise.
5	V/A-기는커녕	far from V/A; let alone	Rejects an expected positive outcome and often introduces a worse or more basic failure.	쉬기는커녕 점심 먹을 시간도 없었어요.	Far from getting any rest, I did not even have time for lunch.	도움이 되기는커녕 오히려 방해가 됐어요.	Far from helping, it actually got in the way.
5	N은/는커녕	let alone N; not even N	The noun version can compare a less attainable thing with a more basic unmet requirement.	휴가는커녕 주말에도 일해요.	Let alone taking a vacation, I work even on weekends.	사과는커녕 설명도 없었습니다.	There was not even an explanation, let alone an apology.
5	V/A-기에	because; seeing that	A reason used in narration and explanation; the evaluative use after an action has a different construction.	불이 켜져 있기에 누가 있는 줄 알았어요.	Because the light was on, I thought someone was there.	질문이 많기에 설명을 덧붙였습니다.	Since there were many questions, I added an explanation.
5	V/A-길래	because I noticed; so I reacted	Conversational reason tied to the speaker's observation and response; do not make it an all-purpose formal causal connective.	사람들이 줄을 서 있길래 저도 기다렸어요.	I saw people lining up, so I waited too.	가격이 싸길래 두 개 샀어요.	The price was low, so I bought two.
5	V-(으)ㄴ 김에	while at it; taking the opportunity	Uses an already planned or completed action as an opportunity for an additional action.	시내에 나온 김에 책도 샀어요.	While I was downtown, I bought a book too.	청소를 시작한 김에 창문도 닦읍시다.	Since we have started cleaning, let's clean the windows too.
5	V-(으)ㄹ 바에야	if one is going to V, better to	The first option is dispreferred relative to the alternative; often strongly evaluative.	대충 할 바에야 시작하지 않는 게 낫겠어요.	Rather than do it carelessly, it would be better not to start.	계속 기다릴 바에야 다른 곳으로 갑시다.	Rather than keep waiting, let's go somewhere else.
5	V/A-(으)ㄹ 따름이다	merely; all one can do is	A restrained formal conclusion, often expressing regret, gratitude, or lack of alternatives.	좋은 결과를 기대할 따름입니다.	All we can do is hope for a good result.	도와주신 분들께 감사할 따름입니다.	I can only express gratitude to those who helped.
5	V-(으)ㄴ 끝에	after; at the end of a long process	Highlights a result reached through sustained activity or difficulty.	오랫동안 논의한 끝에 합의했습니다.	After lengthy discussions, we reached an agreement.	여러 번 시도한 끝에 문제를 해결했어요.	After several attempts, I solved the problem.
5	V-는 대로	as soon as; in accordance with	Immediate succession with action verbs differs from following instructions or matching a manner.	결과가 나오는 대로 알려 드리겠습니다.	I will let you know as soon as the results come out.	들은 대로 정확히 적으세요.	Write down exactly what you heard.
5	V/A-든지	whether; whichever; regardless of choice	Marks alternatives, not retrospective recollection; distinguish its spelling and meaning from the retrospective ending.	참여하든지 하지 않든지 알려 주세요.	Please let us know whether you will participate or not.	어디에 살든지 건강이 중요해요.	Wherever you live, health is important.
5	V/A-거나 말거나	whether or not; regardless of another's action	Often sounds indifferent or dismissive; practice context and relational consequences.	사람들이 믿거나 말거나 사실은 변하지 않아요.	Whether people believe it or not, the facts do not change.	그가 듣거나 말거나 저는 설명을 계속했어요.	Whether he listened or not, I continued explaining.
5	V/A-(으)ㄹ까 하다	consider doing; tentatively think of	A tentative intention; not the same as a firm plan or a fear construction.	이번에는 온라인으로 신청할까 해요.	I am thinking of applying online this time.	주말에는 집에서 쉴까 합니다.	I am considering resting at home this weekend.
5	V/A-았/었더라면	if it had been; if one had V-ed	Counterfactual past condition; the result often uses a modal or conditional evaluation.	조금 일찍 출발했더라면 기차를 탔을 거예요.	If I had left a little earlier, I would have caught the train.	자료를 확인했더라면 실수를 줄일 수 있었겠죠.	If we had checked the data, we could have reduced the mistakes.
5	V-았/었어야 했는데	should have V-ed, but did not	Retrospective unmet obligation or regret; state what actually happened when evaluating the meaning.	미리 예약했어야 했는데 깜빡했어요.	I should have reserved in advance, but I forgot.	그때 사실을 말했어야 했는데 그러지 못했어요.	I should have told the truth then, but I could not.
5	V/A-(으)ㄹ 줄 알았다 / 몰랐다	thought / did not expect that	Reports an expectation that may be contradicted; distinguish from knowing how to perform an action.	이렇게 오래 걸릴 줄 몰랐어요.	I did not expect it to take this long.	금방 끝날 줄 알았는데 아직도 진행 중이에요.	I thought it would finish quickly, but it is still ongoing.
5	V/A-다고 볼 수 있다	can be regarded as; may be said to	Useful for a qualified interpretation; it should be supported by evidence rather than merely sounding academic.	이 변화는 긍정적이라고 볼 수 있습니다.	This change can be regarded as positive.	두 요인이 함께 작용한다고 볼 수 있어요.	It can be said that the two factors operate together.
5	V/A-는 것이 아니라	not that V, but	A corrective contrast; modifier form changes with predicate type and time.	비용을 줄이는 것이 아니라 사용 방식을 바꾸는 겁니다.	We are not reducing costs; we are changing how it is used.	관심이 없는 것이 아니라 시간이 부족한 거예요.	It is not that I am uninterested; I do not have enough time.
5	N을/를 비롯해	including N; starting with N	Introduces a representative member of a larger group; the list should support the generalization.	학생을 비롯해 주민들도 참여했습니다.	Residents participated as well as students.	서울을 비롯해 여러 도시에서 행사가 열립니다.	The event is held in several cities, including Seoul.
5	N에 불과하다	be no more than N; amount merely to N	Downscales an amount or status; use carefully because it may dismiss someone's contribution.	그것은 여러 가능성 중 하나에 불과합니다.	It is only one of several possibilities.	현재 결과는 예비 조사 결과에 불과해요.	The current results are merely preliminary survey results.
6	V/A-(으)ㄹ지언정	even if; though one may	Formal or literary concession, often paired with a strong commitment in the next clause.	실패할지언정 원칙은 지키겠습니다.	Even if I fail, I will uphold my principles.	속도는 느릴지언정 방향은 분명합니다.	Although progress may be slow, the direction is clear.
6	V/A-(으)ㄹ망정	although; even granting	Concedes a less favorable condition while asserting a contrasting value; register is emphatic or literary.	집은 작을망정 마음은 편해요.	The home may be small, but I feel at ease.	경험은 적을망정 의욕은 누구보다 큽니다.	Though I have little experience, my enthusiasm is greater than anyone's.
6	V/A-(으)ㄴ들	even if; even though; rhetorical concession	Often combines with a rhetorical question or a claim that the condition makes no difference.	지금 후회한들 무엇이 달라지겠어요?	Even if we regret it now, what would change?	아무리 설명한들 들으려 하지 않으면 소용없어요.	However much you explain, it is useless if they will not listen.
6	V/A-거니와	not only; and furthermore	A formal additive connective that frequently reinforces an argument.	이 제도는 효율적이거니와 비용도 적게 듭니다.	This system is efficient, and it also costs little.	그는 경험이 풍부하거니와 판단도 신중합니다.	He has extensive experience and is also careful in his judgment.
6	V/A-건마는	although; despite the fact that	A literary concessive form; focus on recognition and register before productive use.	봄이 왔건마는 바람은 여전히 차갑다.	Spring has come, yet the wind is still cold.	여러 번 경고했건마는 아무도 귀를 기울이지 않았다.	Although warnings were given several times, no one listened.
6	V-노라면	if one continues V-ing; while V-ing	Literary reflection connecting sustained action to an emerging state or insight.	옛 편지를 읽노라면 그 시절이 떠오른다.	As I read old letters, those days come back to me.	숲길을 걷노라면 마음이 차분해진다.	As one walks along a forest path, the mind grows calm.
6	V-노라고	in the course of trying to; saying that one V-ed	A formal or literary explanation of effort; distinguish from reported command morphology.	최선을 다하노라고 했지만 결과는 부족했습니다.	I tried to do my best, but the result fell short.	서두르노라고 했는데도 결국 늦고 말았어요.	I tried to hurry, yet I ended up late.
6	V-고도	even after V; despite V	Emphasizes an outcome unexpected after the completed action.	그는 사실을 알고도 아무 말도 하지 않았어요.	He knew the truth yet said nothing.	충분히 쉬고도 피로가 풀리지 않았습니다.	Even after resting enough, the fatigue did not go away.
6	V/A-(으)면서도	while; despite simultaneously being / doing	Use the added vowel after a consonant-final stem except a liquid-final stem. The concessive reading contrasts knowledge or circumstances with behavior; distinguish it from neutral simultaneous action.	그는 바쁘면서도 매일 가족에게 연락해요.	Although he is busy, he contacts his family every day.	사실을 알면서도 모르는 척했습니다.	Despite knowing the truth, they pretended not to know.
6	V/A-고서는	after doing; given that one has done	Often frames a condition judged incompatible with the next result, especially with negation.	약속을 어기고서는 신뢰를 얻기 어렵습니다.	It is hard to gain trust after breaking a promise.	사정을 모르고서는 쉽게 판단할 수 없어요.	You cannot judge easily without knowing the circumstances.
6	V-지 않고서는	unless one V; without V	Negative prerequisite construction; the final clause often expresses impossibility.	직접 확인하지 않고서는 결론을 내릴 수 없습니다.	We cannot reach a conclusion without checking directly.	서로 양보하지 않고서는 합의하기 어렵습니다.	It is difficult to agree unless both sides make concessions.
6	V/A-아/어서야	only when; given that; rhetorical criticism	Can mark a necessary threshold or a reproachful condition; teach the two readings separately.	직접 만나서야 오해가 풀렸어요.	The misunderstanding was resolved only after we met in person.	이렇게 준비가 부족해서야 어떻게 성공하겠어요?	With preparation this inadequate, how could we succeed?
6	V/A-아/어 봤자	even if one tries; it would be of little use	Often evaluates a proposed action as ineffective; do not use to discourage a learner's legitimate effort.	지금 서둘러 봤자 마지막 버스는 이미 떠났어요.	Even if we hurry now, the last bus has already left.	혼자 고민해 봤자 해결되지 않을 수 있어요.	Worrying about it alone may not solve it.
6	V/A-(으)ㄹ진대	given that; if it is the case that	Formal or literary premise supporting a normative conclusion; chiefly a reading-recognition target.	책임을 맡았을진대 끝까지 최선을 다해야 합니다.	Having accepted responsibility, one should do one's best to the end.	배움이 목적일진대 질문을 두려워할 이유가 없습니다.	If learning is the goal, there is no reason to fear questions.
6	V-는 한이 있더라도	even if it means having to V	Accepts a possible sacrifice in order to maintain a priority; distinguish commitment from a prediction.	시간이 더 걸리는 한이 있더라도 정확히 확인하겠습니다.	Even if it takes longer, I will check accurately.	계획을 바꾸는 한이 있더라도 안전을 지켜야 합니다.	Even if it means changing the plan, we must ensure safety.
6	V/A-(으)ㄹ 것까지는 없다	there is no need to go so far as to	Softens an extreme reaction without rejecting all action.	그 일로 사과할 것까지는 없어요.	There is no need to go so far as to apologize for that.	작은 실수 하나로 계획을 포기할 것까지는 없습니다.	There is no need to abandon the plan over one small mistake.
6	V/A-(으)ㄴ/는 셈 치다	treat it as; consider it as if	Adopts a practical or hypothetical accounting of an event, unlike stating that it actually amounts to something.	경험을 쌓은 셈 치고 다시 시작하겠습니다.	I will treat it as experience gained and start again.	하루 쉬는 셈 치고 천천히 둘러보세요.	Think of it as taking a day off and look around at leisure.
6	V/A-(으)ㄹ까 말까 하다	be barely at a threshold; consider whether to	Can express indecision with actions or approximation near a quantity; context resolves the meaning.	참가할까 말까 하다가 결국 신청했어요.	I hesitated over whether to participate and eventually applied.	회의에는 열 명이 될까 말까 한 사람들이 모였어요.	Barely ten people gathered for the meeting.
6	V-자니	now that I consider V; if I choose V	A contemplated choice creates a problem; paired alternatives often express a dilemma.	집에 가자니 일이 남았고 더 있자니 너무 피곤해요.	If I go home, work remains; if I stay longer, I am too tired.	그냥 버리자니 아깝고 보관하자니 자리가 없어요.	It feels wasteful to discard it, but there is no space to keep it.
6	V/A-다니	to think that; surprise at a proposition	A reaction to new or quoted information; it can express admiration, disappointment, or disbelief.	벌써 끝났다니 정말 빠르네요.	To think it is already finished; that was really fast.	이렇게 가까운 곳에 살다니 놀라워요.	It is surprising that you live so close.
6	V/A-다면서요?	I hear that; didn't you say that?	Checks reported or remembered information; intonation can make it sound accusatory.	다음 달에 이사한다면서요?	I hear you are moving next month; is that right?	이곳은 예약이 필요 없다면서요?	Didn't you say that reservations are not needed here?
6	V/A-다가는	if one keeps V-ing; warning of an outcome	A prospective undesirable outcome from continuing a behavior or condition.	그렇게 무리하다가는 건강을 해칠 수 있어요.	If you keep overworking like that, you could damage your health.	확인을 미루다가는 문제가 더 커질 수 있습니다.	If we keep postponing the check, the problem could become larger.
6	V/A-더라니	so that explains; linking a recollection to an explanation	A remembered observation is retrospectively explained; avoid confusing it with a simple hearsay statement.	어쩐지 조용하더라니 모두 외출했군요.	So that explains why it was quiet: everyone had gone out.	길이 막히더라니 근처에서 행사가 있었네요.	So that explains the congestion: there was an event nearby.
6	V/A-(으)ㄹ 법하다	be plausible; reasonably likely	A reasoned expectation rather than a rule or certainty.	그 정도 경험이면 능숙할 법해요.	With that much experience, it would be reasonable to expect proficiency.	처음 듣는 사람은 오해할 법합니다.	Someone hearing it for the first time could understandably misinterpret it.
6	V/A-(으)ㄹ 성싶다	it seems likely; I suspect	Literary or formal conjecture; normally less common than everyday inference constructions.	협상이 예상보다 오래 걸릴 성싶다.	The negotiations seem likely to take longer than expected.	이번에는 결과가 다를 성싶어요.	I suspect the outcome will be different this time.
6	V/A-(으)ㄹ 듯 말 듯	almost; just on the verge of	A borderline or fluctuating perception, not a completed achievement.	멀리서 음악이 들릴 듯 말 듯 했어요.	Music was just barely audible in the distance.	기억이 날 듯 말 듯 해서 답답했어요.	It was frustrating because I could almost remember it.
6	V/A-(으)ㄴ/는 바	the fact / matter that; as stated	Formal bound-noun reference; distinguish it from the immediate-discovery connective with similar spelling.	앞서 설명한 바와 같이 절차를 바꿨습니다.	As explained earlier, we changed the procedure.	현재까지 확인된 바는 없습니다.	Nothing has been confirmed so far.
6	V/A-(으)ㄴ/는바	since; having established; formal background	A connective written attached to the predicate, unlike the bound noun meaning matter or fact.	자료를 검토한바 추가 조사가 필요합니다.	Having reviewed the data, we find that further investigation is necessary.	본 사안은 공익과 관련되는바 신중한 판단이 요구됩니다.	Since this matter concerns the public interest, careful judgment is required.
6	V/A-(으)ㄴ/는 데 반해	in contrast to; whereas	Formal contrast; the bound noun here is spaced separately from the predicate modifier.	수요가 늘어나는 데 반해 공급은 줄고 있습니다.	Demand is increasing, whereas supply is decreasing.	목표는 분명한 데 반해 실행 계획은 모호합니다.	The goal is clear, whereas the implementation plan is vague.
6	N(으)로 말미암아	as a consequence of N; owing to N	Formal cause, often describing a substantial consequence; avoid redundancy with another causal marker.	기상 악화로 말미암아 운항이 중단되었습니다.	Operations were suspended owing to worsening weather.	그 결정으로 말미암아 여러 문제가 생겼습니다.	Several problems arose as a consequence of that decision.
6	N을/를 막론하고	regardless of N; irrespective of N	Generalizes across a named distinction; check that an inclusive claim is actually justified.	나이를 막론하고 누구나 배울 수 있습니다.	Anyone can learn, regardless of age.	분야를 막론하고 정확한 정보가 중요합니다.	Accurate information matters regardless of the field.
6	N에 입각하여	based on N; in accordance with a principle	Formal grounding in rules or principles rather than casual reliance on a source.	증거에 입각하여 판단해야 합니다.	We must judge on the basis of evidence.	공정성의 원칙에 입각하여 절차를 설계했습니다.	We designed the procedure based on the principle of fairness.
6	V/A-다고 해서 반드시 ... 것은 아니다	not necessarily true merely because	A scoped rebuttal that rejects a universal inference without asserting the opposite universally.	자료가 많다고 해서 반드시 결론이 정확한 것은 아닙니다.	Having much data does not necessarily mean the conclusion is accurate.	오래 일했다고 해서 반드시 성과가 좋은 것은 아니에요.	Working for a long time does not necessarily mean the results are good.
6	V/A-느냐 / -(으)냐에 달려 있다	depend on whether / how; embedded question	Select the interrogative form for predicate type; the clause names the determining factor.	성공 여부는 얼마나 꾸준히 실천하느냐에 달려 있습니다.	Success depends on how consistently one puts it into practice.	해석은 어떤 맥락에서 사용되느냐에 달려 있어요.	The interpretation depends on the context in which it is used.
6	V/A-다고 단정할 수 없다	cannot conclude categorically that	Calibrates epistemic certainty; follow with the specific missing evidence or alternative explanation.	이 결과만으로 효과가 없다고 단정할 수 없습니다.	We cannot conclude from this result alone that there is no effect.	한 번의 실수로 능력이 부족하다고 단정할 수는 없어요.	We cannot conclude from one mistake that someone lacks ability.
6	V/A-(으)ㄴ/는 것은 ... 때문이다	the reason / explanation for X is Y	A focus construction for explicit causal argument; avoid claiming causation when the evidence shows only association.	참여가 늘어난 것은 절차가 간단해졌기 때문입니다.	Participation increased because the procedure became simpler.	판단을 보류하는 것은 자료가 충분하지 않기 때문입니다.	The reason we are withholding judgment is that the data are insufficient.
